nome_site;contato_nome;usuario;cidade;uf;categoria;tags;categoria_imovel;negociacao;contato_fone;contato_whatsapp;contato_instagram;contato_site;contato_desc;card_nome;card_localizacao;card_area;card_area_contruida;descricao;preco;card_imagem_url;card_url;og_title;og_image;og_description;og_status;galeria;data_primeiro_scraper_brasil;data_primeiro_scraper_eua;data_ultimo_scraper_brasil;data_ultimo_scraper_eua;data_expiracao;cidade_sugerida;uf_sugerido
"Terra Fértil";"Terra Fértil";imoveisunai;Unaí;MG;;;"Lotes e Terrenos";Venda;"(38) 99958-5454";"(38) 99958-5454";;https://www.terrafertilimobiliaria.com.br;;Terreno;"Mamoeiro - Unaí - MG";;;"Venda<br/><b>R$ 32.000</b><br/>Valor do m² R$ 107<br/>Área bruta300 m²<br/><b>Descrição</b><br/>Excelente oportunidade para investimento: 11 lotes no total de 4.400,00 m². Todos as unidades com matrícula individualizadas.<br/>Apartir de R$ 32.000,00 cada.<br/>Demais informações:<br/>6 unidades de 450m² por R$ 37.000,00 cada<br/>3 unidades de 300m² por R$ 32.000,00 cada<br/>2 unidades de 400m² por R$ 35.000,00 cada.<br/>Agende já a sua visita.<br/>Ver mais";32000;img_2b40c508ec9e64d047f4be184c31a2c5.jpg;https://www.terrafertilimobiliaria.com.br/imovel/terreno-unai-300-m/TE0007-TFUU;"Terreno à venda, 300 m² por R$ 32.000,00 - Mamoeiro - Unaí/MG";img_2b40c508ec9e64d047f4be184c31a2c5.jpg;"Excelente oportunidade para investimento: 11 lotes no total de 4.400,00 m². Todos as unidades com matrícula individualizadas. Apartir de R$ 32.000,00 cada. Demais informações: 6 unidades d...";ok;img_57f7bde9f5f85c2f364e95904fde3e14.jpg,img_b3418cfd6bda8c2992d5e3b603ba0b71.jpg,img_68bb2e08a8ba327fa1083b5b07e3932b.jpg,img_ee6d441c9cc5af3b0a651401273f835d.jpg,img_73958681a05e2172f0a97b811e2a26f1.jpg;"23/06/2026 22:52:34";"2026-06-23 22:52:34";"12/07/2026 15:04:47";"2026-07-12 15:04:47";1784857954;Unaí;MG
"Terra Fértil";"Terra Fértil";imoveisunai;Unaí;MG;;;"Lotes e Terrenos";Venda;"(38) 99958-5454";"(38) 99958-5454";;https://www.terrafertilimobiliaria.com.br;;Terreno;"Bairro Industrial - Unaí - MG";;;"Venda<br/><b>R$ 70.000</b><br/>Valor do m² R$ 212<br/>Área bruta330 m²<br/><b>Descrição</b><br/>Ótima localização, excelente oportunidade para invetimento<br/>Ver mais";70000;img_6794f81a0d2d31da05bfede87d4ace65.jpg;https://www.terrafertilimobiliaria.com.br/imovel/terreno-unai-330-m/TE0060-TFUU;"Terreno à venda, 330 m² por R$ 70.000 - Industrial - Unaí/Minas Gerais";img_6794f81a0d2d31da05bfede87d4ace65.jpg;"Ótima localização, excelente oportunidade para invetimento";ok;img_644ce9011b6f206d4a19076a94150033.jpg,img_48c3dcff958c97fe8acea4906db6ad7b.jpg,img_eb91e15f4e4c2247035c6ccb65e3d000.jpg,img_32f5424d1cbee67ba1313ca5b5395dd3.jpg;"23/06/2026 22:53:14";"2026-06-23 22:53:14";"12/07/2026 15:04:47";"2026-07-12 15:04:47";1784857994;Unaí;MG
"Terra Fértil";"Terra Fértil";imoveisunai;Unaí;MG;;;"Lotes e Terrenos";Venda;"(38) 99958-5454";"(38) 99958-5454";;https://www.terrafertilimobiliaria.com.br;;Terreno;"Sagrada Família - Unaí - MG";;;"Venda<br/><b>R$ 147.000</b><br/>Valor do m² R$ 700<br/>Área bruta210 m²<br/><b>Descrição</b><br/>Oportunidade única! Lote de esquina disponível com financiamento direto com o proprietário. Fácil, rápido e sem burocracia!<br/>Ver mais";147000;img_43f8ee06611937e07f8c43eab76d2c4f.jpg;https://www.terrafertilimobiliaria.com.br/imovel/terreno-unai-210-m/TE0062-TFUU;"Terreno à venda, 210 m² por R$ 147.000 - Sagrada Família - Unaí/Minas Gerais";img_43f8ee06611937e07f8c43eab76d2c4f.jpg;"Oportunidade única! Lote de esquina disponível com financiamento direto com o proprietário. Fácil, rápido e sem burocracia!";ok;img_a03d2fcaa22894928c67d1cd415da608.jpg;"23/06/2026 22:53:17";"2026-06-23 22:53:17";"12/07/2026 15:04:47";"2026-07-12 15:04:47";1784857997;Unaí;MG
"Terra Fértil";"Terra Fértil";imoveisunai;Unaí;MG;;;"Lotes e Terrenos";Venda;"(38) 99958-5454";"(38) 99958-5454";;https://www.terrafertilimobiliaria.com.br;;Terreno;"Curva do Rio - Unaí - MG";;;"Venda<br/><b>R$ 150.000</b><br/>Valor do m² R$ 500<br/>Área bruta300 m²<br/><b>Descrição</b><br/>4 lotes de 300 m² cada<br/>500,00 reais o m²<br/>Marque sua visita!<br/>Ver mais";150000;img_db07a75c04cc60853be0e92baa0a2069.jpg;https://www.terrafertilimobiliaria.com.br/imovel/terreno-unai-300-m/TE0057-TFUU;"Terreno à venda, 300 m² por R$ 150.000,00 - Curva do Rio - Unaí/MG";img_db07a75c04cc60853be0e92baa0a2069.jpg;"4 lotes de 300 m² cada 500,00 reais o m² Marque sua visita!";ok;img_7c4de3a88e517d9330dec5fe5bb5d5b6.jpg,img_fe82c3644539f76f94e8923cdb88995c.jpg,img_a6bf342a3422895af5b2add683230bf0.jpg,img_6a74256834604f3a0a3dd0f89a6328ca.jpg;"23/06/2026 22:53:22";"2026-06-23 22:53:22";"23/06/2026 22:54:32";"2026-06-23 22:54:32";1784858002;;
"Terra Fértil";"Terra Fértil";imoveisunai;Unaí;MG;;;"Lotes e Terrenos";Venda;"(38) 99958-5454";"(38) 99958-5454";;https://www.terrafertilimobiliaria.com.br;;Terreno;"Sagrada Família - Unaí - MG";;;"Venda<br/><b>R$ 234.000</b><br/>Valor do m² R$ 699<br/>Área bruta335 m²<br/><b>Descrição</b><br/>Oportunidade única! Lote de esquina disponível com financiamento direto com o proprietário. Fácil, rápido e sem burocracia!<br/>Ver mais";234000;img_5eede93982ee881ec97e171068f804f2.jpg;https://www.terrafertilimobiliaria.com.br/imovel/terreno-unai-335-m/TE0063-TFUU;"Terreno à venda, 334 m² por R$ 234.000 - Sagrada Família - Unaí/Minas Gerais";img_5eede93982ee881ec97e171068f804f2.jpg;"Oportunidade única! Lote de esquina disponível com financiamento direto com o proprietário. Fácil, rápido e sem burocracia!";ok;img_1ddddbb20b1fb4c6fef6ece1b2032faf.jpg;"23/06/2026 22:53:39";"2026-06-23 22:53:39";"23/06/2026 22:54:32";"2026-06-23 22:54:32";1784858019;;
"Terra Fértil";"Terra Fértil";imoveisunai;Unaí;MG;;;"Lotes e Terrenos";Venda;"(38) 99958-5454";"(38) 99958-5454";;https://www.terrafertilimobiliaria.com.br;;Terreno;"Laguna - Unaí - MG";;;"Venda<br/><b>R$ 260.000</b><br/>Valor do m² R$ 867<br/>Área bruta300 m²<br/><b>Descrição</b><br/>Vende-se 04 Lotes em ótima localidade.<br/>Sendo 12x25 m² cada um<br/>R$ 260.000,00 a unidade.<br/>Ver mais";260000;img_047ef0f743373c8d9116021a5563f130.jpg;https://www.terrafertilimobiliaria.com.br/imovel/terreno-unai-300-m/TE0052-TFUU;"Terreno de 300 m² na Rua Adélio Martins Campos - Laguna - Unaí - MG, à venda por R$ 2...";img_047ef0f743373c8d9116021a5563f130.jpg;"Vende-se 04 Lotes em ótima localidade. Sendo 12x25 m² cada um R$ 260.000,00 a unidade.";ok;img_c2be5ae36bee555739accf07b27baffa.jpg,img_b963e8e70dab2a62c1735d43c99d4e09.jpg,img_1bdf443a02f46e154c11e0fb8e2ce0db.jpg,img_7d1470c5e863733e3bb53573bb9b0572.jpg;"23/06/2026 22:53:43";"2026-06-23 22:53:43";"23/06/2026 22:54:32";"2026-06-23 22:54:32";1784858023;;
"Terra Fértil";"Terra Fértil";imoveisunai;Unaí;MG;;;"Barracoes e Galpões";Venda;"(38) 99958-5454";"(38) 99958-5454";;https://www.terrafertilimobiliaria.com.br;;Barracão;"Iuna - Unaí - MG";;;"Venda<br/><b>R$ 260.000</b><br/>Valor do m² R$ 1.857<br/>Área construída140 m²<br/><b>Descrição</b><br/>Área total galpão 140 m²<br/>Porta automática na entrada 4 metros largura/ por 5 altura(portão na avenida 5,50 largura/por 2,60 altura)<br/>Aceita veículo como parte do pagamento<br/>Marque sua visita!<br/>Ver mais<br/><b>Características</b><br/>Energia elétrica<br/>Portão eletrônico<br/>Ver mais";260000;img_336f3743bfb9eb946559ecb725f4ec15.jpg;https://www.terrafertilimobiliaria.com.br/imovel/barracao-unai-140-m/BA0016-TFUU;"Barracão à venda, 140 m² por R$ 260.000 - Iuna - Unaí/MG";img_336f3743bfb9eb946559ecb725f4ec15.jpg;"Área total galpão 140 m² Porta automática na entrada 4 metros largura/ por 5 altura(portão na avenida 5,50 largura/por 2,60 altura) Aceita veículo como parte do pagamento Marque sua visita!";ok;img_97ed3c6442ba647cf3bf8c425a5f7acd.jpg,img_a6e167d6c5a7a9308e3e17b068e8403e.jpg,img_4d2c05ea1d6c5191e480a8af9d156ef4.jpg,img_55223f242b703ba3227e441af47fdccd.jpg,img_1e147512572c76cbfaf6e8978dd1ee15.jpg,img_2f71865e2b5035c74a8bbac9d9a53ef9.jpg,img_b0335e3092c35083ebb707b3755085ba.jpg,img_f82e960a1e9b2ccf70143c76c70786a7.jpg,img_25ff933b88eb66d9cf67d17377a35f71.jpg;"23/06/2026 22:53:49";"2026-06-23 22:53:49";"23/06/2026 22:54:32";"2026-06-23 22:54:32";1784858029;;
"Terra Fértil";"Terra Fértil";imoveisunai;Unaí;MG;;;"Lotes e Terrenos";Venda;"(38) 99958-5454";"(38) 99958-5454";;https://www.terrafertilimobiliaria.com.br;;Terreno;"Kamayura - Unaí - MG";;;"Venda<br/><b>R$ 270.000</b><br/>Valor do m² R$ 432<br/>Área bruta625 m²<br/><b>Descrição</b><br/>Lote em otima localização e com fácil acesso. Marque sua visita.<br/>Ver mais";270000;img_2ba017336c91d1c5f29e16c6d2ab647d.jpg;https://www.terrafertilimobiliaria.com.br/imovel/terreno-unai-625-m/TE0033-TFUU;"Terreno à venda, 625 m² por R$ 270.000,00 - Kamayura - Unaí/MG";img_2ba017336c91d1c5f29e16c6d2ab647d.jpg;"Lote em otima localização e com fácil acesso. Marque sua visita.";ok;img_4c2c8ea4c778b2de1c6606cfdbbb55d5.jpg,img_57ce3b0cdb2317df008280386e676e08.jpg,img_17420853336be096a5b1083505c55d90.jpg,img_41d7316e0ab0688ce894efccde94b853.jpg;"23/06/2026 22:53:53";"2026-06-23 22:53:53";"23/06/2026 22:54:32";"2026-06-23 22:54:32";1784858033;;
"Terra Fértil";"Terra Fértil";imoveisunai;Unaí;MG;;;Kitnet;Aluguel;"(38) 99958-5454";"(38) 99958-5454";;https://www.terrafertilimobiliaria.com.br;;Kitnet;"Cachoeira - Unaí - MG";;;"Aluguel<br/><b>R$ 970</b><br/>/mês<br/>Condomínio R$ 130IPTU R$ 15/mês<br/>Pacote de locação R$ 1.115/mês<br/>Quarto1<br/>Banheiro1<br/><b>Descrição</b><br/>Sala conjugada com cozinha, possui armários planejados, fogão, sofá retrátil e estante, quarto possui duas camas de solteirto, banheiro com móveis planejados.<br/>Não possui vaga de garagem<br/>1º andar com elevador<br/>Marque sua visita!<br/>Ver mais<br/><b>Características</b><br/>Armário banheiro<br/>Armário cozinha<br/>Armário sala<br/>Cozinha<br/>Elevador<br/>Interfone<br/>Mobiliado<br/>Piso cerâmico<br/>Ver mais";970;img_8c3c0a1e0331a5fd5dc27daef4a87f40.jpg;https://www.terrafertilimobiliaria.com.br/imovel/kitnet-unai-1-quarto/KN0081-TFUU;"Kitnet com 1 dormitório para alugar por R$ 1.115,00/mês - Cachoeira - Unaí/MG";img_8c3c0a1e0331a5fd5dc27daef4a87f40.jpg;"Sala conjugada com cozinha, possui armários planejados, fogão, sofá retrátil e estante, quarto possui duas camas de solteirto, banheiro com móveis planejados. Não possui vaga de garagem 1º anda...";ok;img_9e85d06f9e85ed62c92f047a6cc8d2bf.jpg,img_57a5ef49d179637937f46a65e4449a4f.jpg,img_81efb81349bc16d3f2e64f7658a0021b.jpg,img_8b1f6aa0e049edfa117b033976a411ee.jpg,img_1c21e81b5b70a44fd74c54cc03a808d6.jpg;"23/06/2026 22:53:59";"2026-06-23 22:53:59";"12/07/2026 15:04:47";"2026-07-12 15:04:47";1784858039;Unaí;MG
"Terra Fértil";"Terra Fértil";imoveisunai;Unaí;MG;;;Kitnet;Aluguel;"(38) 99958-5454";"(38) 99958-5454";;https://www.terrafertilimobiliaria.com.br;;Kitnet;"Cachoeira - Unaí - MG";;;"Aluguel<br/><b>R$ 986</b><br/>/mês<br/>Condomínio R$ 145IPTU R$ 19/mês<br/>Pacote de locação R$ 1.150/mês<br/>Quarto1<br/>Banheiro1<br/><b>Descrição</b><br/>Quarto, sala com sacada e conjugada com a cozinha, banheiro social<br/>1 vaga de garagem<br/>5º andar de escada<br/>Marque sua visita!<br/>Ver mais<br/><b>Características</b><br/>Armário cozinha<br/>Cozinha<br/>Elevador<br/>Interfone<br/>Piso cerâmico<br/>Portão eletrônico<br/>Ver mais";986;img_8855eadfad1557051c96edb1182d9c57.jpg;https://www.terrafertilimobiliaria.com.br/imovel/kitnet-unai-1-quarto/KN0082-TFUU;"Kitnet com 1 dormitório para alugar por R$ 1.150,00/mês - Cachoeira - Unaí/MG";img_8855eadfad1557051c96edb1182d9c57.jpg;"Quarto, sala com sacada e conjugada com a cozinha, banheiro social 1 vaga de garagem 5º andar de escada Marque sua visita!";ok;img_1c95ba42ac695d2dffc9cb49e677bd59.jpg,img_e45d3972e9f77ba24cef6e5b2ac605a2.jpg,img_ebf0787f4277aebd777e654eb715cfe2.jpg,img_e835182cc31493a0a98e0ccfe8173b9b.jpg,img_cb9d759426fe8bb85490b5d77b1b7c9f.jpg,img_ec9aa4a931e52607386f89f3136d58e4.jpg;"23/06/2026 22:54:03";"2026-06-23 22:54:03";"12/07/2026 15:04:47";"2026-07-12 15:04:47";1784858043;Unaí;MG
"Terra Fértil";"Terra Fértil";imoveisunai;Unaí;MG;;;Kitnet;Aluguel;"(38) 99958-5454";"(38) 99958-5454";;https://www.terrafertilimobiliaria.com.br;;Kitnet;"Capim Branco - Unaí - MG";;;"Aluguel<br/><b>R$ 1.100</b><br/>/mês<br/>Condomínio R$ 200<br/>Pacote de locação R$ 1.300/mês<br/>Quarto1<br/>Banheiro1<br/>Aceita petSim<br/><b>Descrição</b><br/>Quarto com varanda ampla, sala de estar, cozinha com varanda, área de serviço e banheiro social.<br/>Não possui garagem<br/>Incluso condomínio<br/>Marque sua visita!<br/>Ver mais<br/><b>Características</b><br/>Área de serviço<br/>Cozinha<br/>Interfone<br/>Piso cerâmico<br/>Portão eletrônico<br/>Varanda<br/>Ver mais";1100;img_5003ded59547e883e87598d03644f4c5.jpg;https://www.terrafertilimobiliaria.com.br/imovel/kitnet-unai-1-quarto/KN0067-TFUU;"Kitnet com 1 dormitório para alugar por R$ 1.300,00/mês - Capim Branco - Unaí/MG";img_5003ded59547e883e87598d03644f4c5.jpg;"Quarto com varanda ampla, sala de estar, cozinha com varanda, área de serviço e banheiro social. Não possui garagem Incluso condomínio Marque sua visita!";ok;img_4bf5c1856b1a81f7bba7777754c858a7.jpg,img_4fab49c9aaf726f35b0bc4a2dbf3d5bb.jpg,img_e4db0122ee44dd39196735633b824f4b.jpg,img_0b4771b309547442f1fa8141dfc8098e.jpg,img_856f2b072d72ce634fc0310f9d679687.jpg,img_eb89ffe740e24fcf0383446d73fd5187.jpg,img_ec9f38365ea66fe9deb4336d0d19ec78.jpg,img_0653405b74b84635ecc7c50664042f99.jpg;"23/06/2026 22:54:06";"2026-06-23 22:54:06";"12/07/2026 15:04:47";"2026-07-12 15:04:47";1784858046;Unaí;MG
"Terra Fértil";"Terra Fértil";imoveisunai;Unaí;MG;;;Kitnet;Aluguel;"(38) 99958-5454";"(38) 99958-5454";;https://www.terrafertilimobiliaria.com.br;;Kitnet;"Cachoeira - Unaí - MG";;;"Aluguel<br/><b>R$ 1.301</b><br/>/mês<br/>Condomínio R$ 180IPTU R$ 19/mês<br/>Pacote de locação R$ 1.500/mês<br/>Quarto1<br/>Banheiro1<br/><b>Descrição</b><br/>Quarto com cama de casal, tv, mesa, guarda roupa, ar condicionado e cortinas, Cozinha com armários, geladeira, microondas, fogão, maquina de lavar e mesa com 4 cadeiras<br/>Banheiro com armários<br/>Não possuí vaga de garagem<br/>Marque sua visita!<br/>Ver mais<br/><b>Características</b><br/>Armário banheiro<br/>Armário cozinha<br/>Armário quarto<br/>Cozinha<br/>Elevador<br/>Interfone<br/>Mobiliado<br/>Piso cerâmico<br/>Ver mais";1301;img_843701d7159bcf4643599c91a69149a1.jpg;https://www.terrafertilimobiliaria.com.br/imovel/kitnet-unai-1-quarto/KN0085-TFUU;"Kitnet com 1 dormitório para alugar por R$ 1.500,00/mês - Cachoeira - Unaí/MG";img_843701d7159bcf4643599c91a69149a1.jpg;"Quarto com cama de casal, tv, mesa, guarda roupa, ar condicionado e cortinas, Cozinha com armários, geladeira, microondas, fogão, maquina de lavar e mesa com 4 cadeiras Banheiro com armários Nã...";ok;img_73827bdd06649126ecda874f620e0e77.jpg,img_5ca58bf1766637b4899643ce878f835f.jpg,img_8522246ab125babe5097f9fdd87e37c6.jpg,img_93967447641a000b9855d2b72f23d5dc.jpg,img_9bd8c55e0addde81afd9a387a0a529f2.jpg,img_eaa5bd53e74a2c58e9c40a69696ec90c.jpg;"23/06/2026 22:54:10";"2026-06-23 22:54:10";"12/07/2026 15:04:47";"2026-07-12 15:04:47";1784858050;Unaí;MG
"Terra Fértil";"Terra Fértil";imoveisunai;Unaí;MG;;;Kitnet;Aluguel;"(38) 99958-5454";"(38) 99958-5454";;https://www.terrafertilimobiliaria.com.br;;Kitnet;"Cachoeira - Unaí - MG";;;"Aluguel<br/><b>R$ 1.410</b><br/>/mês<br/>Condomínio R$ 140IPTU R$ 25/mês<br/>Pacote de locação R$ 1.575/mês<br/>Quarto1<br/>Banheiro1<br/><b>Descrição</b><br/>Quarto com guarda-roupa planejado, painel, televisão, ar condicionado, cama baú e cortinas, cozinha com armários planejados, geladeira, cooktop 4 bocas, sugar, microondas, persiana, uma mesa de madeira com duas cadeiras e banheiro social com armário planejado.<br/>2º andar com elevador<br/>Não possui vaga de garagem<br/>Maque sua visita!<br/>Ver mais<br/><b>Características</b><br/>Ar condicionado<br/>Armário banheiro<br/>Armário cozinha<br/>Armário quarto<br/>Cozinha<br/>Elevador<br/>Interfone<br/>Mobiliado<br/>Piso cerâmico<br/>Portão eletrônico<br/>Ver mais";1410;img_2e38abc25c2d3dfed5b13fcc851882b0.jpg;https://www.terrafertilimobiliaria.com.br/imovel/kitnet-unai-1-quarto/KN0084-TFUU;"Kitnet com 1 dormitório para alugar por R$ 1.575,00/mês - Cachoeira - Unaí/MG";img_2e38abc25c2d3dfed5b13fcc851882b0.jpg;"Quarto com guarda-roupa planejado, painel, televisão, ar condicionado, cama baú e cortinas, cozinha com armários planejados, geladeira, cooktop 4 bocas, sugar, microondas, persiana, uma mesa de mad...";ok;img_ca14c11efa3bfdc2e69ed7342b833005.jpg,img_910acbf4a066ed9cc3425d02c3d26148.jpg,img_9165347a62d3f01c7e43bc3cc78ff545.jpg,img_05b6931a8f1f2a0c0eeee307a26d4b83.jpg,img_9d75a2172d015d69983e03e1442a4b27.jpg;"23/06/2026 22:54:12";"2026-06-23 22:54:12";"23/06/2026 22:54:32";"2026-06-23 22:54:32";1784858052;;
"Terra Fértil";"Terra Fértil";imoveisunai;Unaí;MG;;;Apartamentos;Aluguel;"(38) 99958-5454";"(38) 99958-5454";;https://www.terrafertilimobiliaria.com.br;;Apartamento;"Dom Bosco - Unaí - MG";;;"Aluguel<br/><b>R$ 1.480</b><br/>/mês<br/>Condomínio R$ 570IPTU R$ 50/mês<br/>Pacote de locação R$ 2.100/mês<br/>Quartos2<br/>Suíte1<br/>Banheiro1<br/>Vaga1<br/><b>Descrição</b><br/>2 quartos sendo uma suíte, banheiro social, cozinha, área de serviço, sala de estar com sacada e 1 vaga de garagem<br/>O condomínio possui área de lazer completo,piscina adulto e infantil, salão de festas, espaço gourmet, quadra poliesportiva, playground e portaria 24 horas.<br/>Marque sua visita!<br/>Ver mais<br/><b>Características</b><br/>Área de serviço<br/>Churrasqueira<br/>Cozinha<br/>Elevador<br/>Piscina<br/>Porcelanato<br/>Portão eletrônico<br/>Quadra poliesportiva<br/>Sacada<br/>Ver mais";1480;img_4f37f29b4df74478ad6d50657313db5f.jpg;https://www.terrafertilimobiliaria.com.br/imovel/apartamento-unai-2-quartos/AP0171-TFUU;"Apartamento com 2 dormitórios para alugar por R$ 2.100,00/mês - Dom Bosco - Unaí/MG";img_4f37f29b4df74478ad6d50657313db5f.jpg;"2 quartos sendo uma suíte, banheiro social, cozinha, área de serviço, sala de estar com sacada e 1 vaga de garagem O condomínio possui área de lazer completo,piscina adulto e infantil, salão de ...";ok;img_f7c71d01fe2ba54b729c0eb4ee1aec98.jpg,img_934dbb1e8d1de961cdb9684076846a1c.jpg,img_8cbc8b8204f5a70d739c07cd0071e2b5.jpg,img_ee28a60990ed0a02a2dca21019accf97.jpg,img_832ed1212c0e73eca1d8e1a9b679d24c.jpg,img_80acd51ca974820f9a9d1cf7604ce64c.jpg,img_9b4f70da202e8ac2831891dc6dabffa1.jpg,img_f10d1ea38c7a4f9548517a269224684a.jpg,img_b93b1561781141bf2444fd2487f4e810.jpg,img_e31255df29fa65c3dece889042b590cc.jpg;"23/06/2026 22:54:15";"2026-06-23 22:54:15";"23/06/2026 22:54:32";"2026-06-23 22:54:32";1784858055;;
"Terra Fértil";"Terra Fértil";imoveisunai;Unaí;MG;;;Apartamentos;Aluguel;"(38) 99958-5454";"(38) 99958-5454";;https://www.terrafertilimobiliaria.com.br;;Apartamento;"Cachoeira - Unaí - MG";;;"Aluguel<br/><b>R$ 1.500</b><br/>/mês<br/>Condomínio R$ 200<br/>Pacote de locação R$ 1.700/mês<br/>Quartos3<br/>Suíte1<br/>Banheiros2<br/>Vaga1<br/>Aceita petSim<br/><b>Descrição</b><br/>3 quartos sendo uma suíte, sala, cozinha com sacada, área de serviço e banheiro social<br/>1vaga de garagem<br/>2º andar de escada<br/>Maque sua visita!<br/>Ver mais<br/><b>Características</b><br/>Área de serviço<br/>Cozinha<br/>Interfone<br/>Piso cerâmico<br/>Portão eletrônico<br/>Ver mais";1500;img_72a59584a52a428ca98c4a969b56bed1.jpg;https://www.terrafertilimobiliaria.com.br/imovel/apartamento-unai-3-quartos/AP0099-TFUU;"Apartamento com 3 dormitórios para alugar por R$ 1.700,00/mês - Cachoeira - Unaí/MG";img_72a59584a52a428ca98c4a969b56bed1.jpg;"3 quartos sendo uma suíte, sala, cozinha com sacada, área de serviço e banheiro social 1vaga de garagem 2º andar de escada Maque sua visita!";ok;img_788332419c435e47ce9f97b7ae9bcc42.jpg,img_ec50c374adfeed3b80f9ffc4b6cad01e.jpg,img_534c959ee24a9c295dea3dbe6703f5cb.jpg,img_51ce5b78c0dc0b059f01f7981281e8b1.jpg,img_7d2a33d8810237e12a002cead6e910b2.jpg,img_67aea64fc95f15402e60ead532ad1008.jpg,img_cffd7eb9313886b7d40f41b57ca607d6.jpg;"23/06/2026 22:54:18";"2026-06-23 22:54:18";"23/06/2026 22:54:32";"2026-06-23 22:54:32";1784858058;;
"Terra Fértil";"Terra Fértil";imoveisunai;Unaí;MG;;;Apartamentos;Aluguel;"(38) 99958-5454";"(38) 99958-5454";;https://www.terrafertilimobiliaria.com.br;;Apartamento;"Centro - Unaí - MG";;;"Aluguel<br/><b>R$ 1.590</b><br/>/mês<br/>Condomínio R$ 320IPTU R$ 90/mês<br/>Pacote de locação R$ 2.000/mês<br/>Quartos3<br/>Suíte1<br/>Banheiro1<br/>Vaga1<br/><b>Descrição</b><br/>3 quartos sendo uma suíte, sala de estar, cozinha com armários planejados, área de serviço e banheiro social<br/>1 vaga de garagem<br/>9º andar com elevador<br/>Marque sua visita!<br/>Ver mais<br/><b>Características</b><br/>Área de serviço<br/>Armário área de Serviço<br/>Armário banheiro<br/>Armário cozinha<br/>Cozinha<br/>Elevador<br/>Interfone<br/>Piso cerâmico<br/>Portão eletrônico<br/>Ver mais";1590;img_fc80988889606348addb6305e9b7db3a.jpg;https://www.terrafertilimobiliaria.com.br/imovel/apartamento-unai-3-quartos/AP0173-TFUU;"Apartamento com 3 dormitórios para alugar por R$ 2.000,00/mês - Centro - Unaí/MG";img_fc80988889606348addb6305e9b7db3a.jpg;"3 quartos sendo uma suíte, sala de estar, cozinha com armários planejados, área de serviço e banheiro social 1 vaga de garagem 9º andar com elevador Marque sua visita!";ok;img_ae96e17439d9b1c1ba1942393aa4ceae.jpg,img_739f84db3d99ad734ae4a20d95153911.jpg,img_ef16364ae489283cebea4457ec8e4b0c.jpg,img_1e5e52bb7d4b39144f5be23a14d2a8d9.jpg,img_527ceaa645f4aeb590ad1d3cdba6a360.jpg,img_428e68b4d5b12787f02a98748fd75c41.jpg,img_fe4b4bc78aee469504363817e551a36a.jpg,img_97dd68de0ced3e2a9803f4e0cbdc8128.jpg,img_e57e1cc7d16752825fb0793475094beb.jpg,img_3e00a34ea41b61f5a4211e0c72882c6b.jpg;"23/06/2026 22:54:24";"2026-06-23 22:54:24";"23/06/2026 22:54:32";"2026-06-23 22:54:32";1784858064;;
"Terra Fértil";"Terra Fértil";imoveisunai;Unaí;MG;;;Fazendas;Venda;"(38) 99958-5454";"(38) 99958-5454";;https://www.terrafertilimobiliaria.com.br;;Fazenda;"Boqueirão - Unaí - MG";;;"Venda<br/><b>R$ 950.000</b><br/>Valor do hectares R$ 33.929<br/>Área do terreno28 hectares<br/>Quartos5<br/>Banheiro1<br/>Vaga1<br/><b>Descrição</b><br/>Fazenda escriturada, localizada a 27 Km da cidade, sendo 8 Km de estrada de chão, entrada para o Boqueirão. A propriedade possuí uma casa com 5 quarto, sala, cozinha e banheiro. Árvores frutíferas: manga, mexerica, coco, limão, jabuticaba, acerola, seriguela, pequi.<br/>Rio Ribeirão do Brejo - Passa no fundo do terreno.<br/>Marque sua visita!<br/>Ver mais<br/><b>Características</b><br/>Água<br/>Casa sede<br/>Cozinha<br/>Energia elétrica<br/>Pomar<br/>Quintal<br/>Rio<br/>Ver mais";950000;img_2c2d4cf35c49d08e242c785cb425a414.jpg;https://www.terrafertilimobiliaria.com.br/imovel/fazenda-unai-5-quartos-28-hectares/FA0001-TFUU;"Fazenda com 5 dormitórios à venda, 280000 m² por R$ 950.000,00 - Boqueirão - Unaí/MG";img_2c2d4cf35c49d08e242c785cb425a414.jpg;"Fazenda escriturada, localizada a 27 Km da cidade, sendo 8 Km de estrada de chão, entrada para o Boqueirão. A propriedade possuí uma casa com 5 quarto, sala, cozinha e banheiro. Árvores frutíferas:...";ok;img_b42aee99982b22af7c0c59232159d7f8.jpg,img_017cfdd28be1983937cfe773610f8af5.jpg,img_b59b457f7cb54e5cca45912000afc80b.jpg,img_09fa21a527a8fb66e9e351cff6d83f9d.jpg,img_2185215e0b23e8a3da8c12edbf553d6d.jpg,img_5806601cd319b11a79550a0e722236a5.jpg,img_0a46bffebdd6e90c6963d602b3320a81.jpg,img_965efb9082b613b7d0575bb594c04642.jpg;"23/06/2026 22:54:32";"2026-06-23 22:54:32";"12/07/2026 15:04:47";"2026-07-12 15:04:47";1784858072;Unaí;MG
"Morado Imóveis";;imoveisunai;Paracatu;MG;;;"Lotes e Terrenos";;"(38) 99856-5306";"(38) 99856-5306";;https://moradoimoveis.com.br;;"Lote/Terreno no Jardim América -Paracatu";"Paracatu, MG";;;"<b>Descrição do Imóvel</b><br/>LOTE 01 QUADRA 44<br/>Parcelas: R$ 690,00<br/>Parcelas pagas:45<br/>Parcelas Remanescentes: 115<br/>Taxa de transferência:1.200,00<br/>Valor do ágio: 35.000,00<br/><b>Características do Imóvel</b><br/>Referência: 138 1278541<br/>Tipo de Imóvel: Residencial » Lote/Terreno<br/>Estágio do Imóvel: Terreno<br/>Área Total: 200.00 m²<br/>Terreno: 200.00 m²<br/>Largura dos Fundos: 10.00 m<br/>Largura da Frente: 10.00 m<br/>Comprimento da Direita: 20.00 m<br/>Comprimento da Esqueda: 20.00 m<br/>Última atualização do imóvel: 23/04/2026 10:01:16<br/><b>Detalhes do Imóvel</b><br/><ul><br/>Básico<br/><li>Energia</li><li>Esgoto</li><li>Pavimentação</li><li>Água</li><br/></ul>";35000;img_1ac6ae4f09fe82ccd439af4714148085.jpg;https://moradoimoveis.com.br/agios-jardim-america;"Lote/Terreno no Jardim América -Paracatu";img_84702547ba9d487a23550105eabbe82a.jpg;"Lote/Terreno para venda em Jardim América II, Paracatu, Minas Gerais, ágios jardim américa...";ok;img_84702547ba9d487a23550105eabbe82a.jpg;"23/06/2026 23:28:40";"2026-06-23 23:28:40";"23/06/2026 23:29:07";"2026-06-23 23:29:07";1784860120;;
"Morado Imóveis";;imoveisunai;Paracatu;MG;;;"Lotes e Terrenos";;"(38) 99856-5306";"(38) 99856-5306";;https://moradoimoveis.com.br;;"Lote/Ágio St Eduardo";"Paracatu, MG";;;"<b>Descrição do Imóvel</b><br/>Oportunidade imperdível no Santo Eduardo! ✨🏡<br/>Ágio de lote disponível com excelente localização e grande potencial de valorização em Paracatu/MG! 📍<br/>📐 315,25m²<br data-start=""162"" data-end=""165"">📍 Rua 6<br data-start=""173"" data-end=""176"">🏡 Lote nº 12 — Quadra 05<br data-start=""201"" data-end=""204"">💰 Parcelas de apenas R$ 1.020,00<br/>Ideal para quem deseja investir ou construir o imóvel dos sonhos em um bairro em constante crescimento! 🔑<br/>Para mais informações, fale com a corretora oficial da Morado Imóveis, a melhor da cidade e conhecida por realizar sonhos:<br data-start=""469"" data-end=""472"">📞 (38) 99920-2501 — Dita Rocha 💙<br/>Morado Imóveis<br/> <br/> <br/><b>Características do Imóvel</b><br/>Referência: 193 2161701<br/>Tipo de Imóvel: Residencial » Lote/Terreno<br/>Estágio do Imóvel: Terreno<br/>Área Total: 315.25 m²<br/>Última atualização do imóvel: 27/05/2026 17:39:23";40000;img_08e5989cfc31ddd795cd871b09f2c2dc.jpg;https://moradoimoveis.com.br/lote/agio;"Lote/Ágio St Eduardo";img_b9938b6b056de7dbb873a429b38d6e62.jpg;"Lote/Terreno para venda em Santo Eduardo, Paracatu, Minas Gerais, Lote/ágio st eduardo Oportunidade imperdível no Santo Eduardo! ✨🏡 Ágio de lote disponível com excelente localização e grande potencial de valorização em Paracatu/MG! 📍...";ok;img_b9938b6b056de7dbb873a429b38d6e62.jpg,img_e1fb570512f88d5711bb68b91c393624.jpg,img_2aad0ee05c7def5e56794157aef52939.jpg;"23/06/2026 23:28:41";"2026-06-23 23:28:41";"23/06/2026 23:29:07";"2026-06-23 23:29:07";1784860121;;
"Morado Imóveis";;imoveisunai;Paracatu;MG;;;"Lotes e Terrenos";Venda;"(38) 99856-5306";"(38) 99856-5306";;https://moradoimoveis.com.br;;"Lote - Jardim América";"Paracatu, MG";;;"<b>Descrição do Imóvel</b><br/>🏡🌿 VENDA DE LOTE NO JARDIM AMÉRICA II 🌿🏡<br/>Procurando o lugar perfeito para construir a sua casa dos sonhos? Este é o imóvel ideal para você!<br/>Localizado no bairro Jardim América II, em Paracatu-MG, este amplo terreno de 200m² oferece toda a infraestrutura necessária para a sua comodidade: água, energia, esgoto e pavimentação.<br/>Com um valor incrível de apenas R$ 80.000,00, este lote é perfeito para quem busca um espaço para construir a casa própria, com muito espaço e tranquilidade.<br/>Não perca essa oportunidade! Entre em contato conosco e agende uma visita para conhecer esse incrível imóvel. Seu futuro lar espera por você! 🌟🏡<br/>#imoveisavenda #terrenoparavenda #jardimamerica #paracatumg #construasuacasa #imobiliariaparacatu<br/><b>Características do Imóvel</b><br/>Referência: 132 1269739<br/>Tipo de Imóvel: Residencial » Lote/Terreno<br/>Estágio do Imóvel: Terreno<br/>Área Útil: 200.00 m²<br/>Terreno: 200.00 m²<br/>Largura dos Fundos: 10.00 m<br/>Largura da Frente: 10.00 m<br/>Comprimento da Direita: 20.00 m<br/>Comprimento da Esqueda: 20.00 m<br/>Última atualização do imóvel: 31/07/2025 17:58:25<br/><b>Detalhes do Imóvel</b><br/><ul><br/>Básico<br/><li>Energia</li><li>Esgoto</li><li>Pavimentação</li><li>Água</li><br/></ul>";80000;img_517e8c86ca9cbf5ad0a444186b329ee0.jpg;https://moradoimoveis.com.br/lote-jardim-america;"Lote - Jardim América";img_2df347f8c2b71e98362abbdca806d3e7.jpg;"Lote/Terreno para venda em Jardim América II, Paracatu, Minas Gerais, Lote - jardim américa...";ok;img_2df347f8c2b71e98362abbdca806d3e7.jpg,img_59d7fdc901ad25255fbcc5c68b402a7c.jpg;"23/06/2026 23:28:43";"2026-06-23 23:28:43";"23/06/2026 23:29:07";"2026-06-23 23:29:07";1784860123;;
"Morado Imóveis";;imoveisunai;Paracatu;MG;;;"Lotes e Terrenos";;"(38) 99856-5306";"(38) 99856-5306";;https://moradoimoveis.com.br;;"Lote/Terreno, Vila Nova - Paracatu";"Paracatu, MG";;;"<b>Características do Imóvel</b><br/>Referência: 159 1605221<br/>Tipo de Imóvel: Residencial » Lote/Terreno<br/>Estágio do Imóvel: Terreno<br/>Área Útil: 200.00 m²<br/>Última atualização do imóvel: 30/12/2025 22:27:53<br/><b>Detalhes do Imóvel</b><br/><ul><br/>Básico<br/><li>Energia</li><li>Esgoto</li><li>Pavimentação</li><li>Água</li><br/></ul>";110000;img_a96566b3f1b16af57daf5fe46d06f1d7.jpg;https://moradoimoveis.com.br/lote/terreno-vila-nova-paracatu;"Lote/Terreno, Vila Nova - Paracatu";img_199459768835a369a036f931d042be16.jpg;"Lote/Terreno para venda em Vila Nova, Paracatu, Minas Gerais, Lote/terreno, vila nova - paracatu...";ok;img_199459768835a369a036f931d042be16.jpg;"23/06/2026 23:28:44";"2026-06-23 23:28:44";"23/06/2026 23:29:07";"2026-06-23 23:29:07";1784860124;;
"Morado Imóveis";;imoveisunai;Paracatu;MG;;;"Lotes e Terrenos";;"(38) 99856-5306";"(38) 99856-5306";;https://moradoimoveis.com.br;;"Lote - St Eduardo";"Paracatu, MG";;;"<b>Características do Imóvel</b><br/>Referência: 147 1358183<br/>Tipo de Imóvel: Residencial » Lote/Terreno<br/>Área Total: 253.00 m²<br/>Última atualização do imóvel: 05/09/2025 12:50:43<br/><b>Detalhes do Imóvel</b><br/><ul><br/>Básico<br/><li>Energia</li><li>Esgoto</li><li>Pavimentação</li><li>Água</li><br/></ul>";110000;img_7131952baa52eb6c8aa49f68ad86f242.jpg;https://moradoimoveis.com.br/lote-st-eduardo;"Lote - St Eduardo";img_2642a9ed67d2814f1d9f6d2aa96e25df.jpg;"Lote/Terreno para venda em Flamboyant, Paracatu, Minas Gerais, Lote - st eduardo...";ok;img_2642a9ed67d2814f1d9f6d2aa96e25df.jpg;"23/06/2026 23:28:44";"2026-06-23 23:28:44";"23/06/2026 23:29:07";"2026-06-23 23:29:07";1784860124;;
"Morado Imóveis";;imoveisunai;Paracatu;MG;;;"Lotes e Terrenos";Venda;"(38) 99856-5306";"(38) 99856-5306";;https://moradoimoveis.com.br;;"Lote 04 - Quadra 11";"Paracatu, MG";;;"<b>Descrição do Imóvel</b><br/>🏡 Excelente oportunidade de investimento no Jardim Europa, em Paracatu/MG! 🌳<br/>🌊 Com água, energia, esgoto e pavimentação, este terreno de 281.25m² é o local perfeito para construir a casa dos seus sonhos! 💫<br/>🔍 Consulte o valor e garanta já o seu espaço neste bairro tranquilo e valorizado. Não perca essa chance de adquirir um imóvel residencial de qualidade! 🏡<br/>📞 Entre em contato conosco para mais informações e agende uma visita. Seu futuro lar te espera no Jardim Europa! 🌿<br/>LOTE QUITADO<br/><b> </b><br/><b>ImóvelParaVenda #JardimEuropa #Paracatu #MG #LoteTerreno #Investimento #QualidadeDeVida</b><br/><b>Características do Imóvel</b><br/>Referência: 64 740945<br/>Tipo de Imóvel: Residencial » Lote/Terreno<br/>Estágio do Imóvel: Terreno<br/>Terreno: 281.25 m²<br/>Largura dos Fundos: 11.25 m<br/>Largura da Frente: 11.25 m<br/>Comprimento da Direita: 25.00 m<br/>Comprimento da Esqueda: 25.00 m<br/>Última atualização do imóvel: 26/12/2025 09:27:49<br/><b>Detalhes do Imóvel</b><br/><ul><br/>Básico<br/><li>Energia</li><li>Esgoto</li><li>Pavimentação</li><li>Água</li><br/></ul>";145000;img_f615ee43f28c3ad202bbd74d4e47437e.jpg;https://moradoimoveis.com.br/lote-24-quadra-32;"Lote 04 - Quadra 11";img_9243f991957d130b4e8cf191963168b1.jpg;"Lote/Terreno para em Jardim Europa, Paracatu, Minas Gerais, Lote 24 - quadra 32...";ok;img_9243f991957d130b4e8cf191963168b1.jpg;"23/06/2026 23:28:46";"2026-06-23 23:28:46";"23/06/2026 23:29:07";"2026-06-23 23:29:07";1784860126;;
"Morado Imóveis";;imoveisunai;Paracatu;MG;;;"Sítios e Chácaras";Venda;"(38) 99856-5306";"(38) 99856-5306";;https://moradoimoveis.com.br;;"Chácara - Paracatu";"Paracatu, MG";;;"<b>Descrição do Imóvel</b><br/>🌿🏡 TERRENO RURAL EM PARACATU, MG 🏡🌿<br/>🌊 Você sonha em ter seu próprio refúgio rodeado pela natureza e com acesso à água e energia? Este terreno em Paracatu, MG, é o lugar perfeito para realizar seu sonho!<br/>✨ Características do imóvel:<br/>- Área do terreno: 3000 m2<br/>- Localização: Paracatu, MG, Brasil<br/>- Preço de venda: R$ 160.000,00<br/>- Apenas 25km do centro da cidade<br/>🌳 Desfrute de paz e tranquilidade em um ambiente rural, perfeito para construir a casa dos seus sonhos ou investir em um espaço dedicado ao lazer e descanso. Aproveite a oportunidade única de adquirir um terreno espaçoso e com ótimo potencial.<br/>📞 Entre em contato conosco e agende uma visita para conhecer este incrível terreno. Não perca essa oportunidade de investir em um pedaço de paraíso em Paracatu, MG! 🌟<br/>#terrenorural #paracatumg #oportunidade #natureza #investimento #imobiliária<br/><b>Características do Imóvel</b><br/>Status Área Rural<br/>Referência: 116 1255778<br/>Tipo de Imóvel: Rural » Terreno<br/>Estágio do Imóvel: Terreno<br/>Terreno: 3000.00 m²<br/>Última atualização do imóvel: 22/07/2025 14:09:27<br/><b>Detalhes do Imóvel</b><br/><ul><br/>Básico<br/><li>Energia</li><li>Água</li><br/></ul>";160000;img_a9af532b26d7055de06203f263939873.jpg;https://moradoimoveis.com.br/casa-paracatu;"Chácara - Paracatu";img_4ea07d0005beaea9d3517e4878d84f20.jpg;"Casa para venda em Paracatu, Minas Gerais, Casa - paracatu...";ok;img_4ea07d0005beaea9d3517e4878d84f20.jpg,img_9d36b30826425241ba83949f205766ca.jpg,img_c6117df9d7890d6bb6995691d709fe7d.jpg,img_f417b790c576a63cfce1af9d20619e5b.jpg,img_42ccaa0a05801a0efbd7b44101985b0c.jpg,img_b2286ed4446aed252864fdc812e78729.jpg;"23/06/2026 23:28:47";"2026-06-23 23:28:47";"23/06/2026 23:29:07";"2026-06-23 23:29:07";1784860127;;
"Morado Imóveis";;imoveisunai;Paracatu;MG;;;"Lotes e Terrenos";;"(38) 99856-5306";"(38) 99856-5306";;https://moradoimoveis.com.br;;"Lote/Terreno Novo Horizonte-Paracatu";"Paracatu, MG";;;"<b>Descrição do Imóvel</b><br/>Seu novo começo pode estar aqui! ✨<br/>Terreno disponível no bairro Novo Horizonte, em Paracatu/MG, perfeito para você construir a casa dos seus sonhos ou investir com segurança em uma região que não para de crescer! 🏡📈<br/>Localização estratégica, grande potencial de valorização e a oportunidade ideal para transformar projetos em realidade. 🔑<br/>Para mais informações, fale com a corretora oficial da Morado Imóveis, a melhor da cidade e conhecida por realizar sonhos:<br data-start=""466"" data-end=""469""><br/>Morado Imóveis<br/><b>Características do Imóvel</b><br/>Referência: 192 2161692<br/>Tipo de Imóvel: Residencial » Lote/Terreno<br/>Estágio do Imóvel: Terreno<br/>Área Total: 395.75 m²<br/>Última atualização do imóvel: 28/05/2026 15:06:39";200000;img_f0637b41fef31220bbe36a69136df43a.jpg;https://moradoimoveis.com.br/lote/terreno-no-novo-horizonte;"Lote/Terreno Novo Horizonte-Paracatu";img_e22472504670a917c7e0383751100b24.jpg;"Lote/Terreno para venda em Novo Horizonte, Paracatu, Minas Gerais, Lote/terreno novo horizonte-paracatu Seu novo começo pode estar aqui! ✨ Terreno disponível no bairro Novo Horizonte, em Paracatu/MG, perfeito para você construir a casa dos seus sonhos...";ok;img_e22472504670a917c7e0383751100b24.jpg;"23/06/2026 23:28:47";"2026-06-23 23:28:47";"23/06/2026 23:29:07";"2026-06-23 23:29:07";1784860127;;
"Morado Imóveis";;imoveisunai;Paracatu;MG;;;Apartamentos;;"(38) 99856-5306";"(38) 99856-5306";;https://moradoimoveis.com.br;;"Apartamento - Jardim Palmeiras";"Paracatu, MG";;;"<b>Descrição do Imóvel</b><br/>Venha conhecer os belíssimos apartamentos localizados no Jardim Palmeiras, em Paracatu, MG. Com acabamento moderno e com todos os detalhes que você procura: Blindex, Concertina, cozinha americana, energia, esgoto, gesso, granito, iluminação em Led, interfone, pavimentação e piso frio.<br/>Os apartamentos possuem 2 quartos, 1 banheiro, 1 vaga de garagem, sala ambiente e área útil de 50m². Tudo isso por um preço incrível de R$220.000,00 até R$230.000,00.<br/>Não perca essa oportunidade de adquirir o seu novo lar! Entre em contato conosco e agende uma visita. Seu sonho de ter um apartamento moderno e bem localizado está mais próximo do que você imagina. Venha conferir!<br/> <br/>UNIDADES: 101, 201 e 204. BLOCO D<br/><b>Características do Imóvel</b><br/>Status Minha Casa Minha Vida<br/>Referência: 93 973204<br/>Tipo de Imóvel: Residencial » Apartamento<br/>Estágio do Imóvel: Pronto<br/>Quarto(s:) 2<br/>Sala(s:) 1<br/>Banheiro(s:) 1<br/>Vaga(s:) 1<br/>Ano de Construção: 2025<br/>Mobílias: Não Mobiliado<br/>Apartamentos por Andar: 4<br/>Andares por Torre/Bloco: 2<br/>Quantidade de Torres/Blocos: 1<br/>Área Útil: 50.00 m²<br/>Última atualização do imóvel: 16/12/2025 09:48:55<br/><b>Detalhes do Imóvel</b><br/><ul><br/>Acabamento<br/><li>Blindex</li><li>Gesso</li><li>Granito</li><li>Piso Frio</li><br/>Estrutura<br/><li>Concertina</li><li>Cozinha</li><li>Cozinha Americana</li><li>Interfone</li><br/>Básico<br/><li>Energia</li><li>Esgoto</li><li>Pavimentação</li><li>Água</li><br/>Destaques<br/><li>Iluminação em Led</li><br/></ul>";220000;img_f31fc02d3b6f05b7c0b2290770920763.jpg;https://moradoimoveis.com.br/apartamento-com-2-quartos-jardim-palmeiras-paracatu;"Apartamento - Jardim Palmeiras";img_35886174e91c4c35399b456f38727dba.jpg;"Apartamento para em Jardim Palmeiras, Paracatu, Minas Gerais, Apartamento com 2 quartos, jardim palmeiras - paracatu...";ok;img_35886174e91c4c35399b456f38727dba.jpg,img_c748a71986c98382289db066b15f91d7.jpg,img_773638a49c19fde317c12c073d77aa7b.jpg,img_a06c1203aad45b5fc4ac9902d7e88518.jpg,img_3d45ae79da7feccf7d2bd4edab687581.jpg,img_918cffb5f05653bc6a8a36d1fd596f51.jpg,img_c516a40adc31ce2bae1b02c3779624a7.jpg,img_d0bccf9a12e86530d223a5edc466ea65.jpg;"23/06/2026 23:28:48";"2026-06-23 23:28:48";"23/06/2026 23:29:07";"2026-06-23 23:29:07";1784860128;;
"Morado Imóveis";;imoveisunai;Paracatu;MG;;;"Lotes e Terrenos";Venda;"(38) 99856-5306";"(38) 99856-5306";;https://moradoimoveis.com.br;;"Lote/Terreno, Bandeirantes - Paracatu";"Paracatu, MG";;;"<b>Descrição do Imóvel</b><br/>🏡 Procurando o lugar ideal para construir a casa dos seus sonhos? Este terreno no bairro Bandeirantes, em Paracatu, MG, tem tudo o que você precisa!<br/>✨ Com infraestrutura completa, incluindo água, energia, esgoto e pavimentação, este lote de 300m2 é o cenário perfeito para o seu novo lar. Localizado em uma área tranquila e de fácil acesso, aqui você terá toda a comodidade e segurança que sua família merece.<br/>💰 Por apenas R$ 230.000,00, você garante esse terreno incrível e começa a construir um futuro repleto de alegrias. Aproveite esta oportunidade única e invista no seu bem-estar!<br/>📲 Entre em contato conosco para mais informações e agende uma visita. O terreno dos seus sonhos está esperando por você! 🌟 #ImóveisParaVenda #BandeirantesParacatuMG #LoteTerrenoResidencial<br/><b>Características do Imóvel</b><br/>Referência: 173 1811828<br/>Tipo de Imóvel: Residencial » Lote/Terreno<br/>Área Útil: 300.00 m²<br/>Largura dos Fundos: 12.00 m<br/>Largura da Frente: 12.00 m<br/>Comprimento da Direita: 25.00 m<br/>Comprimento da Esqueda: 25.00 m<br/>Última atualização do imóvel: 17/03/2026 15:50:15<br/><b>Detalhes do Imóvel</b><br/><ul><br/>Básico<br/><li>Energia</li><li>Esgoto</li><li>Pavimentação</li><li>Água</li><br/></ul>";230000;img_05d9e42c1effbda742c490f4d634a088.jpg;https://moradoimoveis.com.br/lote/terreno-bandeirantes-paracatu;"Lote/Terreno, Bandeirantes - Paracatu";img_fda95ff68d2c10ec6f48653a6098c266.jpg;"Lote/Terreno para venda em Bandeirantes, Paracatu, Minas Gerais, Lote/terreno, bandeirantes - paracatu...";ok;img_fda95ff68d2c10ec6f48653a6098c266.jpg;"23/06/2026 23:28:50";"2026-06-23 23:28:50";"23/06/2026 23:29:07";"2026-06-23 23:29:07";1784860130;;
"Morado Imóveis";;imoveisunai;Paracatu;MG;;;Casas;;"(38) 99856-5306";"(38) 99856-5306";;https://moradoimoveis.com.br;;"Casa com 2 quartos em Jardim Palmeiras, Paracatu - R$ 250.000,00";"Paracatu, MG";;;"<b>Descrição do Imóvel</b><br/>Apresentamos a Casa no Jardim Palmeiras, uma excelente oportunidade para quem busca um lar prático e bem localizado em Paracatu. Este imóvel compacto oferece tudo o que você precisa para viver com conforto e qualidade.<br/>Com uma configuração de 2 quartos e 1 banheiro, esta residência é ideal para famílias pequenas ou para quem deseja um espaço aconchegante. Cada ambiente foi pensado para proporcionar funcionalidade e bem-estar.<br/>Entre os detalhes que tornam esta casa ainda mais especial, destacamos:<br/><ul><br/><li>Acabamentos de qualidade: Gesso e granito que conferem elegância e durabilidade.</li><br/><li>Ambientes bem iluminados: A utilização de Blindex permite uma iluminação natural agradável.</li><br/><li>Infraestrutura completa: Água, energia e esgoto disponíveis, garantindo praticidade no seu dia a dia.</li><br/><li>Pavimentação e piso frio: Proporcionam conforto e facilidade na manutenção.</li><br/></ul><br/>Com um preço acessível de R$ 250.000,00, esta casa no Jardim Palmeiras é uma excelente escolha para quem valoriza um bom investimento em um imóvel bem acabado.<br/>Não perca a oportunidade de conhecer este imóvel que pode ser o seu novo lar. Agende uma visita e venha conferir de perto tudo o que esta casa tem a oferecer!<br/><b>Características do Imóvel</b><br/>Referência: 180 1869378<br/>Tipo de Imóvel: Residencial » Casa<br/>Estágio do Imóvel: Em Construção<br/>Quarto(s:) 2<br/>Sala(s:) 1<br/>Banheiro(s:) 1<br/>Vaga(s:) 1<br/>Área Útil: 50.00 m²<br/>Terreno: 100.00 m²<br/>Largura dos Fundos: 5.00 m<br/>Largura da Frente: 5.00 m<br/>Comprimento da Direita: 20.00 m<br/>Comprimento da Esqueda: 20.00 m<br/>Última atualização do imóvel: 17/03/2026 16:33:33<br/><b>Detalhes do Imóvel</b><br/><ul><br/>Acabamento<br/><li>Blindex</li><li>Gesso</li><li>Granito</li><li>Piso Frio</li><br/>Básico<br/><li>Energia</li><li>Esgoto</li><li>Pavimentação</li><li>Água</li><br/></ul>";250000;img_320aa3cff982abbc213a21d16ae35469.jpg;https://moradoimoveis.com.br/casa-jardim-palmeiras2qs;"Casa com 2 quartos em Jardim Palmeiras, Paracatu - R$ 250.000,00";img_a9a9dbefb025d96733708a613a411da3.jpg;"Descubra esta casa compacta e bem acabada em Jardim Palmeiras. Uma excelente oportunidade por R$ 250.000! Agende sua visita agora!";ok;img_a9a9dbefb025d96733708a613a411da3.jpg,img_2908b7a6e31fc9aa25a3bd2c6f20f9d3.jpg,img_9f02475cd8c87b1a5b50930f8b7c1f4e.jpg,img_d8657b8244194055fcf1e056fe6bf451.jpg,img_8f406dae84c852ea85a666cf89bf8560.jpg,img_098e6df879ad918ae4210dd4e3d96d67.jpg,img_12b554e6d27cb8a51c4d093baf39fde1.jpg;"23/06/2026 23:28:51";"2026-06-23 23:28:51";"23/06/2026 23:29:07";"2026-06-23 23:29:07";1784860131;;
"Morado Imóveis";;imoveisunai;Paracatu;MG;;;Kitnet;;"(38) 99856-5306";"(38) 99856-5306";;https://moradoimoveis.com.br;;"Kitnet no Prado-Paracatu";"Paracatu, MG";;;"<b>Descrição do Imóvel</b><br/>🏡 Linda Kitnet no coração de Paracatu! 🌟<br/>Localizada na Rua Euridamas Avelino de Barros, esta incrível Kitnet é o lugar perfeito para quem busca conforto e praticidade. Com 1 quarto, 1 banheiro, 1 vaga de garagem e uma sala aconchegante, você terá tudo o que precisa em um único lugar.<br/>Com uma área total de 38m2 e área útil do mesmo tamanho, este imóvel é ideal para quem busca um espaço compacto e funcional. Além disso, está localizado em uma região tranquila e de fácil acesso, próximo a comércios e serviços.<br/>Não perca a oportunidade de morar em um lugar aconchegante e com tudo o que você precisa! Entre em contato conosco e agende uma visita. Seja bem-vindo ao seu novo lar! 🏡💫<br/>Contato: (XX) XXXX-XXXX.<br/><b>Características do Imóvel</b><br/>Referência: 137 1278419<br/>Tipo de Imóvel: Residencial » Kitnet<br/>Estágio do Imóvel: Em Construção<br/>Quarto(s:) 1<br/>Sala(s:) 1<br/>Banheiro(s:) 1<br/>Vaga(s:) 1<br/>Área Total: 38.00 m²<br/>Área Útil: 38.00 m²<br/>Última atualização do imóvel: 23/04/2026 10:02:20<br/><b>Detalhes do Imóvel</b><br/><ul><br/>Acabamento<br/><li>Blindex</li><li>Gesso</li><li>Granito</li><li>Porcelanato Acetinado</li><br/>Básico<br/><li>Energia</li><li>Esgoto</li><li>Pavimentação</li><li>Água</li><br/></ul>";250000;img_fefbadd0420fe00f43fbb09423cf83bf.jpg;https://moradoimoveis.com.br/kitnet;"Kitnet no Prado-Paracatu";img_e8a32f51409979a5abc70f15d790f0e9.jpg;"Kitnet para venda em Prado, Paracatu, Minas Gerais, Kitnet - prado 🏡 Linda Kitnet no coração de Paracatu! 🌟Localizada na Rua Euridamas Avelino de Barros, esta incrível Kitnet é o lugar perfeito para quem busca conforto e praticidade. Com 1 quarto...";ok;img_e8a32f51409979a5abc70f15d790f0e9.jpg,img_7b8197bc5d2f0e37ba34d8b8a3951322.jpg,img_3f1278452973d197860df2e6a2f21c2e.jpg,img_7d9c57c8d83138a17583ee8bc5aaceea.jpg,img_085f5ffd3cffa6e517595fa1ad478263.jpg,img_82f3703a55b779b3bdad12059e6bed71.jpg,img_29c6c7737f010de91ace3d3a2005c120.jpg,img_9a4780b52642720955b5d1bdf26a791f.jpg,img_fdcf515f371d8a19c05ccae86195b89b.jpg,img_e255b2f34c031ed963788266573646ed.jpg;"23/06/2026 23:28:52";"2026-06-23 23:28:52";"23/06/2026 23:29:07";"2026-06-23 23:29:07";1784860132;;
"Morado Imóveis";;imoveisunai;Paracatu;MG;;;Kitnet;Aluguel;"(38) 99856-5306";"(38) 99856-5306";;https://moradoimoveis.com.br;;"Kitnet - Centro";"Paracatu, MG";;;"<b>Descrição do Imóvel</b><br/>🚨 OPORTUNIDADE ÚNICA 🚨<br/>Se você está procurando praticidade, conforto e economia… olha essa KITNET 👇<br/>✨ Apenas 1 vaga disponível<br data-start=""135"" data-end=""138"">💰 Aluguel: R$ 1.518,00<br data-start=""161"" data-end=""164"">📦 Condomínio: R$ 200,00 (já incluso água, energia e internet 😱)<br/>E não para por aí… 👇<br data-start=""256"" data-end=""259"">🏢 O prédio ainda conta com área comum, trazendo mais comodidade pra sua rotina!<br/>🔥 Ideal pra quem quer morar bem, gastando pouco e com tudo incluso!<br/>⚠️ Corre porque é a última unidade e pode sair a qualquer momento!<br/>📲 Para mais informações:<br data-start=""512"" data-end=""515"">Dita Rocha | Corretora<br data-start=""541"" data-end=""544"">Morado Imóveis – Paracatu<br data-start=""569"" data-end=""572"">📞 (38) 99920-2501<br/>#kitnet #aluguelparacatu #oportunidade #morarbem #paracatumg #imoveis #moradoimoveis #vempramoradoseu #últimaunidade<br/><b>Características do Imóvel</b><br/>Referência: 187 1907568<br/>Tipo de Imóvel: Residencial » Kitnet<br/>Estágio do Imóvel: Pronto<br/>Sala(s:) 1<br/>Banheiro(s:) 1<br/>Vaga(s:) 1<br/>Última atualização do imóvel: 22/04/2026 10:24:49<br/><b>Detalhes do Imóvel</b><br/><ul><br/>Acabamento<br/><li>Blindex</li><li>Gesso</li><br/>Estrutura<br/><li>Cozinha</li><br/>Básico<br/><li>Energia</li><li>Esgoto</li><li>Pavimentação</li><li>Água</li><br/></ul>";1518;img_a86c4fbf44822f401f1d0bdfa06aa029.jpg;https://moradoimoveis.com.br/kit-net;"Kitnet - Centro";img_8421151a2f63e82c056569189a546ffc.jpg;"Kitnet para aluguel, Kit net 🚨 OPORTUNIDADE ÚNICA 🚨 Se você está procurando praticidade, conforto e economia… olha essa KITNET 👇 ✨ Apenas 1 vaga disponível💰 Aluguel: R$ 1.518,00📦 Condomínio: R$ 200,00 (já incluso água, energia e...";ok;img_8421151a2f63e82c056569189a546ffc.jpg,img_c017270aedaf95b388ad571c767f4468.jpg,img_c4bb43e14caeb54d09388bcde76c388e.jpg,img_dbb89e371eb4eca0ed0106fcb1908b7e.jpg,img_8d70808a5223bf89a1c929683aa495f9.jpg,img_caef50eec466705951b9818c1b3644e8.jpg,img_c8054957d863d577ec4978419aa17ae1.jpg,img_903ecadbfe65eb01c0054f4c33d398ac.jpg,img_fbd05eb8d49b56abbbef4590105764b1.jpg,img_6d1f69e419a8af4fa8798d0c4536ffb5.jpg;"23/06/2026 23:28:53";"2026-06-23 23:28:53";"23/06/2026 23:29:07";"2026-06-23 23:29:07";1784860133;;
"Morado Imóveis";;imoveisunai;Paracatu;MG;;;"Salas Comerciais";Aluguel;"(38) 99856-5306";"(38) 99856-5306";;https://moradoimoveis.com.br;;"Sala Comercial - Centro";"Paracatu, MG";;;"<b>Descrição do Imóvel</b><br/>Oportunidade de Locação no Centro da Cidade!<br/>Salas comerciais modernas, com flexibilidade total para você escolher o tamanho ideal do seu negócio.<br/>✔️ Espaços amplos e bem iluminados<br/>✔️ Localização estratégica no centro<br/>✔️ Ideal para escritórios, consultórios ou empresas<br/>✔️ Estrutura nova e pronta para uso<br/>💰 A partir de 1 salário mínimo<br/>📍 Garanta já o seu espaço e leve seu negócio para o próximo nível!<br/>📲 Entre em contato e agende uma visita. (38)99920-2501<br/><b>Características do Imóvel</b><br/>Referência: 186 1907554<br/>Tipo de Imóvel: Comercial » Escritório<br/>Estágio do Imóvel: Pronto<br/>Sala(s:) 1<br/>Banheiro(s:) 2<br/>Última atualização do imóvel: 22/04/2026 10:25:20<br/><b>Detalhes do Imóvel</b><br/><ul><br/>Serviços Próximos<br/><li>Avenida</li><li>Açougue</li><li>Lojas</li><br/>Acabamento<br/><li>Blindex</li><li>Gesso</li><br/>Estrutura<br/><li>Cozinha</li><br/>Básico<br/><li>Energia</li><li>Esgoto</li><li>Pavimentação</li><li>Água</li><br/></ul>";1518;img_46294a2ea424f0fa2dd0675203531afe.jpg;https://moradoimoveis.com.br/locacao-centro-da-ciadae;"Sala Comercial - Centro";img_9ed2611bab660b91dcb38e7d956757fa.jpg;"Escritório para aluguel em Centro, Paracatu, Locação centro da ciadae Oportunidade de Locação no Centro da Cidade! Salas comerciais modernas, com flexibilidade total para você escolher o tamanho ideal do seu negócio. ✔️ Espaços amplos e bem...";ok;img_9ed2611bab660b91dcb38e7d956757fa.jpg,img_e470905c9a73ae32449e034e4f8d6d5a.jpg,img_cd811e906a219251034a0c75e76ad527.jpg,img_2484fc37f99ac2734ca1796644b4add4.jpg,img_31e2540e390f023cca712e1b428fc7fc.jpg,img_6d844a3c05a3a63345d8b9acbdc187a5.jpg,img_5b792d78cae769046b76a6ce8bc7302b.jpg,img_350a22f5807800cbc9658cc6622ee204.jpg,img_61b11b9a461aa8c19b08cd29354a9f53.jpg;"23/06/2026 23:28:55";"2026-06-23 23:28:55";"23/06/2026 23:29:07";"2026-06-23 23:29:07";1784860135;;
"Morado Imóveis";;imoveisunai;Paracatu;MG;;;Apartamentos;;"(38) 99856-5306";"(38) 99856-5306";;https://moradoimoveis.com.br;;"Apartamento com 3 Quartos";"Paracatu, MG";;;"<b>Descrição do Imóvel</b><br/>🏡 Seu novo lar dos sonhos está te esperando!<br/>Este lindo apartamento, localizado na área nobre da cidade, possui todas as comodidades que você deseja: área de serviço, blindex nos banheiros, cerca elétrica, closet espaçoso, garagem coberta, gesso rebaixado, acabamento em granito, iluminação em LED, interfone, lavabo, porcelanato polido e portão eletrônico.<br/>Com 3 quartos, sendo 1 suíte, e 3 banheiros, este imóvel amplo e arejado vai te proporcionar todo o conforto e qualidade de vida que você merece. A sala é espaçosa e perfeita para receber amigos e familiares.<br/>Localizado em uma área tranquila e com fácil acesso a comércios, escolas e transportes públicos, este apartamento é perfeito para quem busca praticidade e bem-estar.<br/>Não perca essa oportunidade única! Agende agora mesmo a sua visita e garanta o seu futuro lar por apenas R$460.000,00 até R$500.000,00.<br/>Entre em contato conosco para mais informações e surpreenda-se com a qualidade e conforto deste imóvel incrível! 🌟<br/><b>Características do Imóvel</b><br/>Referência: 171 1798115<br/>Tipo de Imóvel: Residencial » Apartamento<br/>Estágio do Imóvel: Pronto<br/>Quarto(s:) 3 (sendo 1 suíte)<br/>Sala(s:) 1<br/>Banheiro(s:) 3<br/>Vaga(s:) 1 ~ 2<br/>Mobílias: Não Mobiliado<br/>Área Útil: 94.00 m²<br/>Última atualização do imóvel: 03/06/2026 09:48:01<br/><b>Detalhes do Imóvel</b><br/><ul><br/>Acabamento<br/><li>Blindex</li><li>Gesso Rebaixado</li><li>Granito</li><li>Porcelanato Polido</li><br/>Estrutura<br/><li>Cerca Elétrica</li><li>Garagem Coberta</li><li>Interfone</li><li>Lavabo</li><li>Área de Serviço</li><br/>Destaques<br/><li>Closet</li><li>Iluminação em Led</li><li>Portão Eletrônico</li><br/></ul>";2000;img_fc96548e278cb402e43f85396a7544c5.jpg;https://moradoimoveis.com.br/apartamento-com-3-quartos;"Apartamento com 3 Quartos";img_eba9581393202709256f5727f77f547e.jpg;"Apartamento para venda, Apartamento com 3 quartos...";ok;img_eba9581393202709256f5727f77f547e.jpg,img_5f3d88dda2707b34c48d257ec465085b.jpg,img_afedad36c445f3d2b1f30462a4b96786.jpg,img_dd07103f7a119df95335c9c2e6ff390b.jpg,img_fd5c6e72bea504c2bf33a320f7a18163.jpg,img_784c8aa345f3a0f2aa343ca11154856d.jpg,img_8eaa7a7d18a735cff580f07a18729a31.jpg,img_182fc0bb999af01152b93c3d3f5d65cc.jpg,img_ed41824de4586036b7ffcd93317c4d93.jpg,img_7fa897b65657624828cfe2fb6edce9bd.jpg;"23/06/2026 23:28:56";"2026-06-23 23:28:56";"23/06/2026 23:29:07";"2026-06-23 23:29:07";1784860136;;
"Morado Imóveis";;imoveisunai;Paracatu;MG;;;"Barracoes e Galpões";;"(38) 99856-5306";"(38) 99856-5306";;https://moradoimoveis.com.br;;"Barracão Comercial - Amoreiras II";"Paracatu, MG";;;"<b>Descrição do Imóvel</b><br/>🚨 OPORTUNIDADE IMPERDÍVEL EM PARACATU! 🚨<br/>Barracão disponível no bairro Amoreira II, ideal para o seu negócio crescer com estrutura e segurança!<br/>📐 368m² de área total<br data-start=""245"" data-end=""248"">🏢 Escritório pronto para uso<br data-start=""277"" data-end=""280"">🚻 Banheiros<br data-start=""292"" data-end=""295"">🔒 Cerca elétrica para mais segurança<br data-start=""332"" data-end=""335"">🚪 Portão eletrônico<br data-start=""355"" data-end=""358"">📦 Amplo espaço interno para diversas atividades<br/>✨ Perfeito para empresas, depósitos, oficinas ou investimento!<br/>Não perca essa chance de garantir um espaço estratégico para o seu negócio!<br/>📲 Fale comigo agora mesmo: (38) 99920-2501<br data-start=""598"" data-end=""601"">Dita | Morado Imóveis<br/><b>Características do Imóvel</b><br/>Referência: 182 1881446<br/>Tipo de Imóvel: Industrial » Galpão<br/>Estágio do Imóvel: Pronto<br/>Área Total: 378.00 m²<br/>Área Útil: 255.00 m²<br/>Largura dos Fundos: 12.00 m<br/>Largura da Frente: 12.00 m<br/>Última atualização do imóvel: 22/04/2026 10:27:41<br/><b>Detalhes do Imóvel</b><br/><ul><br/>Destaques<br/><li>Alarme</li><li>Portão Eletrônico</li><br/>Estrutura<br/><li>Cerca Elétrica</li><li>Cozinha</li><li>Garagem Coberta</li><br/>Básico<br/><li>Energia</li><li>Esgoto</li><li>Pavimentação</li><li>Água</li><br/></ul>";5000;img_fb016d40acb1a6ff7f8255cdaba1d672.jpg;https://moradoimoveis.com.br/barracao-amoreiras-2;"Barracão Comercial - Amoreiras II";img_326d17d2f5463b73f4369bb2c6ac3813.jpg;"Galpão para venda e aluguel em Paracatu, Minas Gerais, Barracão amoreiras 2 🚨 OPORTUNIDADE IMPERDÍVEL EM PARACATU! 🚨 Barracão disponível no bairro Amoreira II, ideal para o seu negócio crescer com estrutura e segurança! 📐 368m² de área...";ok;img_326d17d2f5463b73f4369bb2c6ac3813.jpg,img_e01ef4a3a1db1d84a4e187072d4d5cdb.jpg,img_6d7508e3fa7a1e81cd69eb3002600c39.jpg,img_43e6fdb6910485072876ea6d6b65a9a2.jpg,img_3d4ac69cc81f64d8651853327b060f0f.jpg,img_03c10554f44e7f74bae811d6fb04dbaf.jpg,img_d39c5d4fcfc7c99d339b3216c4b18e6b.jpg,img_58faeb4f08c8aa21ab41ed2aa563fa47.jpg,img_d425eb494f40c1eda3c433cc6695186b.jpg,img_df32675ac69f1e3d5cde117fa4e753e3.jpg;"23/06/2026 23:28:57";"2026-06-23 23:28:57";"23/06/2026 23:29:07";"2026-06-23 23:29:07";1784860137;;
"Morado Imóveis";;imoveisunai;Paracatu;MG;;;"Lotes e Terrenos";;"(38) 99856-5306";"(38) 99856-5306";;https://moradoimoveis.com.br;;"LOTE - SANTA LÚCIA";"Paracatu, MG";;;"<b>Características do Imóvel</b><br/>Referência: 117 1256132<br/>Tipo de Imóvel: Residencial » Lote/Terreno<br/>Estágio do Imóvel: Terreno<br/>Terreno: 356.41 m²<br/>Última atualização do imóvel: 23/01/2026 14:08:29<br/><b>Detalhes do Imóvel</b><br/><ul><br/>Básico<br/><li>Energia</li><li>Esgoto</li><li>Pavimentação</li><li>Água</li><br/></ul>";250000;img_f0a9ef18965ac4b410c7090566aeed2e.jpg;https://moradoimoveis.com.br/lote-santa-lucia;"LOTE - SANTA LÚCIA";img_9bf0e1d09e8b93fd0c6515576b359e21.jpg;"Lote/Terreno para venda em Santa Lúcia, Lote - santa lúcia...";ok;img_9bf0e1d09e8b93fd0c6515576b359e21.jpg,img_7e490fbeb6e0b064d324ea28dbc32e5c.jpg;"23/06/2026 23:29:01";"2026-06-23 23:29:01";"23/06/2026 23:29:07";"2026-06-23 23:29:07";1784860141;;
"Morado Imóveis";;imoveisunai;Paracatu;MG;;;Casas;;"(38) 99856-5306";"(38) 99856-5306";;https://moradoimoveis.com.br;;"Casa com 2 quartos e 1 suíte em Jardim Palmeiras, Paracatu - R$ 275.000,00";"Paracatu, MG";;;"<b>Descrição do Imóvel</b><br/>Apresentamos uma oportunidade única para você que deseja adquirir um novo lar em Jardim Palmeiras, Paracatu. Esta encantadora casa está em fase de construção e será entregue em aproximadamente 10 meses, oferecendo a chance de personalizar seu novo espaço desde o início.<br/>Com uma configuração inteligente e aconchegante, a casa conta com:<br/><ul><br/><li>2 Quartos, sendo 1 suíte, proporcionando conforto e privacidade para você e sua família.</li><br/><li>1 Banheiro, ideal para atender às necessidades do dia a dia.</li><br/></ul><br/>Além de sua excelente distribuição, o imóvel se destaca por suas características de qualidade, incluindo:<br/><ul><br/><li>Água e Esgoto instalados, assegurando praticidade no seu cotidiano.</li><br/><li>Energia elétrica disponível para um lar sempre iluminado.</li><br/><li>Acabamentos em Gesso e Granito, que conferem elegância e sofisticação aos ambientes.</li><br/><li>Piso frio em todas as áreas, promovendo conforto térmico.</li><br/><li>Blindex nas janelas, garantindo segurança e estética.</li><br/><li>Pavimentação ao redor da casa, proporcionando fácil acesso e manutenção.</li><br/></ul><br/>Com um valor de R$ 275.000,00, esta é a oportunidade perfeita para você que busca um lar moderno e funcional, em uma localização privilegiada.<br/>Não perca a chance de garantir seu futuro lar! Entre em contato conosco e agende uma visita para conhecer mais sobre este projeto incrível. 🏡✨<br/><b>Características do Imóvel</b><br/>Referência: 178 1869190<br/>Tipo de Imóvel: Residencial » Casa<br/>Estágio do Imóvel: Breve Lançamento<br/>Quarto(s:) 2 (sendo 1 suíte)<br/>Sala(s:) 1<br/>Banheiro(s:) 1<br/>Vaga(s:) 1 ~ 2<br/>Área Útil: 58.00 m²<br/>Terreno: 100.00 m²<br/>Última atualização do imóvel: 17/03/2026 15:49:12<br/><b>Detalhes do Imóvel</b><br/><ul><br/>Acabamento<br/><li>Blindex</li><li>Gesso</li><li>Granito</li><li>Piso Frio</li><br/>Básico<br/><li>Energia</li><li>Esgoto</li><li>Pavimentação</li><li>Água</li><br/></ul>";275000;img_e659be0776e14d495455d89c46130a63.jpg;https://moradoimoveis.com.br/casa-jardim-palmeiras-2q;"Casa com 2 quartos e 1 suíte em Jardim Palmeiras, Paracatu - R$ 275.000,00";img_5e9ca04147545e2d474bed4d02caa773.jpg;"Casa à venda no Jardim Palmeiras por R$ 275.000,00. Uma oportunidade imperdível! Entre em contato e agende sua visita! 🏡💰";ok;img_5e9ca04147545e2d474bed4d02caa773.jpg;"23/06/2026 23:29:02";"2026-06-23 23:29:02";"23/06/2026 23:29:07";"2026-06-23 23:29:07";1784860142;;
"Morado Imóveis";;imoveisunai;Paracatu;MG;;;Casas;Venda;"(38) 99856-5306";"(38) 99856-5306";;https://moradoimoveis.com.br;;"Casa - Jardim Palmeiras";"Paracatu, MG";;;"<b>Descrição do Imóvel</b><br/>🌴 Linda casa à venda no Jardim Palmeiras, em Paracatu/MG! 🌴<br/>🏡 Características:<br/>- Quartos: 2<br/>- Banheiros: 2<br/>- Suíte: 1<br/>- Sala aconchegante<br/>- Área total: 100m²<br/>- Área útil: 61m²<br/>🌟 Esta casa encantadora é perfeita para você e sua família! Com uma localização privilegiada e um design moderno, é o lar dos seus sonhos! 🌟<br/>📲 Entre em contato agora mesmo e agende uma visita para conhecer esse imóvel incrível! 📲<br/>Não perca essa oportunidade de viver no Jardim Palmeiras! Aguardamos por você! 🏡💫<br/><b>Características do Imóvel</b><br/>Referência: 122 1258921<br/>Tipo de Imóvel: Residencial » Casa<br/>Estágio do Imóvel: Acabamento (80%)<br/>Quarto(s:) 2 (sendo 1 suíte)<br/>Sala(s:) 1<br/>Banheiro(s:) 2<br/>Área Total: 100.00 m²<br/>Área Útil: 61.00 m²<br/>Última atualização do imóvel: 28/05/2026 15:11:33<br/><b>Detalhes do Imóvel</b><br/><ul><br/>Acabamento<br/><li>Gesso</li><li>Granito</li><li>Piso Frio</li><br/>Estrutura<br/><li>Lavanderia</li><br/>Destaques<br/><li>Quintal</li><br/></ul>";275000;img_8558dbc2c7dcbb48f8fc483a95d28531.jpg;https://moradoimoveis.com.br/casa-01;"Casa - Jardim Palmeiras";img_3b900a473a79d0f3896a567045fc4695.jpg;"Casa para venda em Jardim Palmeiras, Paracatu, Minas Gerais, Casa -01 🌴 Linda casa à venda no Jardim Palmeiras, em Paracatu/MG! 🌴🏡 Características:- Quartos: 2- Banheiros: 2- Suíte: 1- Sala aconchegante- Área total: 100m²- Área útil:...";ok;img_3b900a473a79d0f3896a567045fc4695.jpg,img_2716a60afd04709bec40dd43b01d52ff.jpg,img_5ea4ea026809b0351e2b619de0d23954.jpg,img_fcc9a4ed3f6b3006b7afdcd48a184aa0.jpg,img_fac55ffd9ac4815531ec6ee3de325a98.jpg,img_e7ec49f35fd3f46b2c845a228657ac87.jpg,img_6218b34d17ea6c6413eeb445eb9ec2b5.jpg,img_a9c9bf45254493f063a004a4b49c26ec.jpg,img_836dafa8a55fac15d9c1f4431a3244ce.jpg;"23/06/2026 23:29:03";"2026-06-23 23:29:03";"23/06/2026 23:29:07";"2026-06-23 23:29:07";1784860143;;
"Morado Imóveis";;imoveisunai;Paracatu;MG;;;Casas;Venda;"(38) 99856-5306";"(38) 99856-5306";;https://moradoimoveis.com.br;;"Casa - Jardim Palmeiras";"Paracatu, MG";;;"<b>Descrição do Imóvel</b><br/>🏡 Linda Casa à venda no Jardim Palmeiras, Paracatu, MG!<br/>✔️ Valor: R$ 300.000,00<br/>✔️ Quartos: 2<br/>✔️ Banheiros: 2<br/>✔️ Suíte: 1<br/>✔️ Vagas na garagem: 2<br/>✔️ Sala ampla<br/>✔️ Área total: 99m²<br/>✔️ Área útil: 61m²<br/>🌳 Com um charmoso jardim, esta casa residencial é perfeita para quem busca conforto e tranquilidade. Excelente localização em um bairro residencial, ideal para famílias que buscam um lugar para chamar de lar.<br/>🔑 Não perca essa oportunidade, agende já a sua visita e venha conhecer o seu novo lar!<br/>Entre em contato para mais informações:<br/>#CasaParaVenda #JardimPalmeiras #Paracatu #MG #SeuNovoLar #Imóveis<br/>https://moradoimoveis.com.br/casa-02<br/><b>Características do Imóvel</b><br/>Referência: 123 1258936<br/>Tipo de Imóvel: Residencial » Casa<br/>Estágio do Imóvel: Acabamento (80%)<br/>Quarto(s:) 2 (sendo 1 suíte)<br/>Sala(s:) 1<br/>Banheiro(s:) 2<br/>Vaga(s:) 2<br/>Área Total: 99.00 ~ 100.00 m²<br/>Área Útil: 61.00 m²<br/>Última atualização do imóvel: 26/02/2026 09:28:10";320000;img_16f97258a7a840c5adbb455e32e7e7fe.jpg;https://moradoimoveis.com.br/casa-02;"Casa - Jardim Palmeiras";img_64c1fcc3ef8ea4afda832312b5f63d8b.jpg;"Casa para venda em Jardim Palmeiras, Paracatu, Minas Gerais, Casa 02 CASA HB 02 JARDIM PALMEIRAS...";ok;img_64c1fcc3ef8ea4afda832312b5f63d8b.jpg,img_f889fa9af171795bca062344b76b6006.jpg,img_d3806be4ceae29e4249b8004fcd689ff.jpg,img_18718a3cb5222321ddffa39e4749aa33.jpg,img_62444fae2e17683f038cbb61406ce4dc.jpg,img_b054e36f934f466a0dec3e946d440808.jpg,img_7837fe29729a10c79fbf5878f2703c86.jpg,img_0dfad4cd1bfb0fcf93895a251f470e25.jpg;"23/06/2026 23:29:04";"2026-06-23 23:29:04";"23/06/2026 23:29:07";"2026-06-23 23:29:07";1784860144;;
"Morado Imóveis";;imoveisunai;Paracatu;MG;;;Fazendas;Venda;"(38) 99856-5306";"(38) 99856-5306";;https://moradoimoveis.com.br;;"Fazenda - Mundo Novo";"Paracatu, MG";;;"<b>Descrição do Imóvel</b><br/>🌾OPORTUNIDADE ÚNICA DE INVESTIMENTO EM FAZENDA EM PARACATU, MG🌾<br/>🌿 Localização: Paracatu, MG, BR<br/>🌿 Área total: 412,3 hectares<br/>🌿 Área plantada: 125 hectares<br/>🌿 Reserva ambiental: 197 hectares<br/>🌿 Potencial de expansão: 200 hectares<br/>🌿 Índice pluviométrico: 1400 mm anuais<br/>🌿 Topografia: Ondulada, com partes de terra pura e cascalho<br/>🌿 Altitude: 900m, ideal para plantio de grãos e café<br/>🌿 Infraestrutura: A ser desenvolvida<br/>🌿 Valor de venda: R$ 20.000.000,00<br/>👉 Fazenda com grande potencial de produtividade e lucratividade, em uma localização privilegiada para o agronegócio. Aproveite essa oportunidade para expandir seus negócios e obter retornos sólidos a longo prazo. Entre em contato conosco e agende uma visita!<br/>🌾 Invista no seu futuro com segurança e rentabilidade! Não perca essa chance de adquirir uma propriedade única em Paracatu, MG. Aguardamos seu contato! 🌿<br/><b>Características do Imóvel</b><br/>Referência: 176 1824630<br/>Tipo de Imóvel: Rural » Fazenda<br/>Área Total: 4123000.00 m²<br/>Área Útil: 2150000.00 m²<br/>Última atualização do imóvel: 03/03/2026 14:12:09";20000000;img_7407c310cbeca7b516c0b9b5c26357c4.jpg;https://moradoimoveis.com.br/fazenda-mundo-novo;"Fazenda - Mundo Novo";img_0bbd208cf4383590d11df63196e13ffc.jpg;"Fazenda para venda em Paracatu, Minas Gerais, Fazenda - mundo novo 🌾OPORTUNIDADE ÚNICA DE INVESTIMENTO EM FAZENDA EM PARACATU, MG🌾🌿 Localização: Paracatu, MG, BR🌿 Área total: 412,3 hectares🌿 Área plantada: 125 hectares🌿 Reserva...";ok;img_0bbd208cf4383590d11df63196e13ffc.jpg,img_66bdfdc370616f9ae4381eca85c725cc.jpg,img_271bf516c152f82e99c7d5f70a86fdc9.jpg,img_e56b752fb324d61b13d7bbd71dba7120.jpg,img_d9872831cb519c4e0c88d830f4eaeeed.jpg;"23/06/2026 23:29:06";"2026-06-23 23:29:06";"23/06/2026 23:29:07";"2026-06-23 23:29:07";1784860146;;
"Sucesso Imóveis";"Sucesso Imóveis";imoveisunai;Unaí;MG;;;"Lotes e Terrenos";;"(38) 99935-9555";"(38) 99935-9555";;https://sucessoimoveis.imb.br;;"02 Lotes | Beira da Rodovia";"Unaí, MG";;;"<b>Descrição</b><br/>02 LOTES A BEIRA DA RODOVIA<br/>➜Área de 525m² cada<br/>➜De frente para a rodovia<br/>➜Quitado<br/>Valor: R$ 850 reais o m²<br/>🤝 Agende uma visita<br/>📲 BILL (38) 9 9996-9555 – CRECI 49239<br/>📲 CÉSAR (38) 9 9935-4646 – CRECI 40029<br/>📲 ELVIO (38) 9 9911-9555 – CRECI 51713<br/>📲 JOÃO (38) 9 9975-9955 – CRECI 60432";850;https://sucessoimoveis.imb.br/imoveis/02-lotes-beira-da-rodovia/;https://sucessoimoveis.imb.br/imoveis/02-lotes-beira-da-rodovia/;"02 Lotes | Beira da Rodovia – Sucesso Imóveis";;;ok;img_9139d9f03954194808e5346a3bb27fcc.png,img_7d77826ae9d31b1af87caa7f53b5906f.png,img_a96f91fa47f99dbf29c469fb929a2ca6.png,img_aca8e41da5122e097a1b394e60675a60.png,img_cebce1c7360f8013754c8fd733b3d157.png;"23/06/2026 23:50:57";"2026-06-23 23:50:57";"24/06/2026 18:43:47";"2026-06-24 18:43:47";1784861457;;
"Sucesso Imóveis";"Sucesso Imóveis";imoveisunai;Unaí;MG;;;"Sítios e Chácaras";Venda;"(38) 99935-9555";"(38) 99935-9555";;https://sucessoimoveis.imb.br;;"Chacara | Mansões Concordia";"Unaí, MG";;;"<b>Descrição</b><br/>CHACARA A VENDA NO SETOR DE MANÕES CONCORDIA<br/>➜Área total de 2.400m²<br/>➜Setor de Mansões Concordia<br/>➜Escriturada<br/>➜Estuda sujestão de negocio<br/>➜Aceita financiamento<br/>Valor: R$ 180 mil<br/>🤝 Agende uma visita<br/>📲 BILL (38) 9 9996-9555 – CRECI 49239<br/>📲 CÉSAR (38) 9 9935-4646 – CRECI 40029<br/>📲 ELVIO (38) 9 9911-9555 – CRECI 51713<br/>📲 JOÃO (38) 9 9975-9955 – CRECI 60432";180000;https://sucessoimoveis.imb.br/imoveis/chacara-mansoes-concordia-2/;https://sucessoimoveis.imb.br/imoveis/chacara-mansoes-concordia-2/;"Chacara | Mansões Concordia – Sucesso Imóveis";;;ok;img_ea5ee482f8a1784f3dd213cb9362aab6.png,img_e07f9e58bd29a4825eaac2dab100d0d7.png;"23/06/2026 23:50:59";"2026-06-23 23:50:59";"24/06/2026 18:43:47";"2026-06-24 18:43:47";1784861459;;
"Sucesso Imóveis";"Sucesso Imóveis";imoveisunai;Unaí;MG;;;Apartamentos;Venda;"(38) 99935-9555";"(38) 99935-9555";;https://sucessoimoveis.imb.br;;"Apartamento | Centro";"Unaí, MG";;;"<b>Descrição</b><br/>APARTAMENTO A VENDA NO CENTRO<br/>➜03 quartos sendo 01 suite<br/>➜Sala<br/>➜Cozinha<br/>➜Banheiro social<br/>➜Moveis planejados na cozinha, banheiros e área de serviço<br/>➜Sacada<br/>➜Predio com elevador<br/>➜Vaga de garagem<br/>➜Área de serviço<br/>➜Aceita financiamento<br/>Valor: R$ 400 mil<br/>📲 BILL (38) 9 9996-9555 – CRECI 49239<br/>📲 CÉSAR (38) 9 9935-4646 – CRECI 40029<br/>📲 ELVIO (38) 9 9911-9555 – CRECI 51713<br/>📲 JOÃO (38) 9 9975-9955 – CRECI 60432";400000;https://sucessoimoveis.imb.br/imoveis/apartamento-centro-7/;https://sucessoimoveis.imb.br/imoveis/apartamento-centro-7/;"Apartamento | Centro – Sucesso Imóveis";;;ok;img_9f4e464857ccc062c0e972457cd40331.png,img_684acb5d65868109296b7e2541b0aae1.png,img_6c971bec5e44b47c5a7d611b15ac263d.png,img_163988c6703134a74f89d39f6aafeab9.png,img_ef3625b80b7c7c657f03db781c6f35c9.png,img_e92e0c4eb499835235dfecc6ea19546a.png,img_e2979528314a54d3da4bf68065f63529.png,img_5279b371e7522c43215c8b0d8d7e406e.png,img_a62a92ec934003bba5e2541efab463d3.png;"23/06/2026 23:51:00";"2026-06-23 23:51:00";"24/06/2026 18:43:47";"2026-06-24 18:43:47";1784861460;;
"Sucesso Imóveis";"Sucesso Imóveis";imoveisunai;Unaí;MG;;;Apartamentos;Venda;"(38) 99935-9555";"(38) 99935-9555";;https://sucessoimoveis.imb.br;;"Apartamento | Centro";"Unaí, MG";;;"<b>Descrição</b><br/>APARTAMENTO A VENDA NO CENTRO<br/>➜Área total de 126m²<br/>➜03 quartos sendo 01 suite<br/>➜Sala ampla<br/>➜Copa e cozinha<br/>➜Moveis planejados<br/>➜Área de serviço<br/>➜02 vagas de garagem<br/>➜Aceita financiamento<br/>Valor: R$ 550mil<br/>📲 BILL (38) 9 9996-9555 – CRECI 49239<br/>📲 CÉSAR (38) 9 9935-4646 – CRECI 40029<br/>📲 ELVIO (38) 9 9911-9555 – CRECI 51713<br/>📲 JOÃO (38) 9 9975-9955 – CRECI 60432";550000;https://sucessoimoveis.imb.br/imoveis/apartamento-centro-5/;https://sucessoimoveis.imb.br/imoveis/apartamento-centro-5/;"Apartamento | Centro – Sucesso Imóveis";;;ok;img_0627219c3f9c5aa85a60193ca2e642c6.png,img_c151d71055cfaac8a414130a0637999d.png,img_c98bddb71f764f420eaa129e290d03e1.png,img_63d68cbe9bd9b287c1ede02cda18a4b3.png,img_ba750ccbaae99f873fbb2f61844f5dab.png,img_97edb0f5d209fd5e3b8714913b442324.png,img_e75adbe9d2f236b8608bcb1777929685.png,img_6fa9eef8d495c939aff135476283d334.png,img_19c010ac2cd6554b4536fedf1602a37f.png;"23/06/2026 23:51:01";"2026-06-23 23:51:01";"24/06/2026 18:43:47";"2026-06-24 18:43:47";1784861461;;
"Sucesso Imóveis";"Sucesso Imóveis";imoveisunai;Unaí;MG;;;Casas;Venda;"(38) 99935-9555";"(38) 99935-9555";;https://sucessoimoveis.imb.br;;"Casa | Primavera";"Unaí, MG";;;"<b>Descrição</b><br/>CASA A VENDA NO BAIRRO PRIMAVERA<br/>➜02 quartos<br/>➜Sala<br/>➜Cozinha<br/>➜Banheiro social<br/>➜Varanda<br/>➜Vaga de garagem<br/>Valor: R$ 240 mil<br/>🤝 Agende uma visita<br/>📲 BILL (38) 9 9996-9555 – CRECI 49239<br/>📲 CÉSAR (38) 9 9935-4646 – CRECI 40029<br/>📲 ELVIO (38) 9 9911-9555 – CRECI 51713<br/>📲 JOÃO (38) 9 9975-9955 – CRECI 60432";240000;https://sucessoimoveis.imb.br/imoveis/casa-primavera-11/;https://sucessoimoveis.imb.br/imoveis/casa-primavera-11/;"Casa | Primavera – Sucesso Imóveis";;;ok;img_5c0c678a5dbdf0788c25ea6ab2e20140.png,img_2d203001a5b7ed881a96f54892799e4f.png,img_c0d26ab3edb263362bf66d489635667e.png,img_9b789fa2adcc395129be36729fbfd452.png,img_3cff7e72dfceee8c276e82ff1a4da30f.png,img_e5d0667f107b78ac153801985393d772.png,img_bdfd0d0a98db9a4f85b3b669093417f3.png,img_cb6767245d7d1b1180e3c7e87e18bfcd.png;"23/06/2026 23:51:03";"2026-06-23 23:51:03";"24/06/2026 18:43:47";"2026-06-24 18:43:47";1784861463;;
"Sucesso Imóveis";"Sucesso Imóveis";imoveisunai;Unaí;MG;;;Casas;Venda;"(38) 99935-9555";"(38) 99935-9555";;https://sucessoimoveis.imb.br;;"Casa | Canabrava";"Unaí, MG";;;"<b>Descrição</b><br/>CASA A VENDA NO BAIRRO CANABRAVA<br/>➜Área total de 280m²<br/>➜Área construida de 129,39m²<br/>➜03 quartos sendo 01 suite<br/>➜Sala e cozinha tipo americana<br/>➜Banheiro social<br/>➜Moveis planejados na cozinha e na suite<br/>➜Garagem coberta<br/>➜Área de serviço coberta<br/>➜Casa de laje<br/>➜Varanda<br/>➜Portão eletronico<br/>➜Aceita financiamento<br/>Valor: R$ 750 mil<br/>🤝 Agende uma visita<br/>📲 BILL (38) 9 9996-9555 – CRECI 49239<br/>📲 CÉSAR (38) 9 9935-4646 – CRECI 40029<br/>📲 ELVIO (38) 9 9911-9555 – CRECI 51713<br/>📲 JOÃO (38) 9 9975-9955 – CRECI 60432";750000;https://sucessoimoveis.imb.br/imoveis/casa-canabrava-2/;https://sucessoimoveis.imb.br/imoveis/casa-canabrava-2/;"Casa | Canabrava – Sucesso Imóveis";;;ok;img_49b7e4fb280831f56761c243febe430a.png,img_a65885c9bc0a2c6a5e62887bb2983be5.png,img_aa2bf9bf63a3232cfc4cf4e017189a47.png,img_2838f5d3aa0193070ff942e4857fa373.png,img_449312a113257975054f1f704a85a40b.png,img_fed9aa74e85c74b5e81346d186f83105.png,img_b0c7a5abc3af3dbf98cd00d79d15b622.png,img_9a13c1b6d8cc8e5fa98484e6cc1aa4f3.png,img_d0a40ceedf6f9358abfceaed97cf0788.png,img_0bac7728b2846e68e34dd49b07889080.png;"23/06/2026 23:51:04";"2026-06-23 23:51:04";"24/06/2026 18:43:47";"2026-06-24 18:43:47";1784861464;;
"Sucesso Imóveis";"Sucesso Imóveis";imoveisunai;Unaí;MG;;;"Lotes e Terrenos";Venda;"(38) 99935-9555";"(38) 99935-9555";;https://sucessoimoveis.imb.br;;"Lote a venda | Riviera Park";"Unaí, MG";;;"<b>Descrição</b><br/>LOTE A VENDA NO BAIRRO RIVIERA PARK<br/>➜ Área total de 360mts<br/>➜ 12X30<br/>➜ Quitado<br/>Valor: R$180 mil<br/>🤝 Agende uma visita<br/>📲 BILL (38) 9 9996-9555 – CRECI 49239<br/>📲 CÉSAR (38) 9 9935-4646 – CRECI 40029<br/>📲 ELVIO (38) 9 9911-9555 – CRECI 51713";180000;https://sucessoimoveis.imb.br/imoveis/lote-a-venda-riviera-park/;https://sucessoimoveis.imb.br/imoveis/lote-a-venda-riviera-park/;"Lote a venda | Riviera Park – Sucesso Imóveis";;;ok;img_cbff0fba6513ef12ffe7ca9487f0e51a.png,img_db32139590036522bee22ef8b6bdefa5.png,img_fe1b14d26dbc792a719b84e572cb3526.png,img_1fa3a13a805240def898080c78f2823a.png,img_9fb7ec47837d1b27d37b2731def6099d.png,img_cd3c5d6affe12ee3d2eb36f934bedd81.png,img_21df1bc111bee522f5e2cd76ceb5ecd2.png,img_caee54b273241362b08d830beb27f96f.png,img_e3850855bef29fb08eb9fb701a73af66.png;"23/06/2026 23:51:05";"2026-06-23 23:51:05";"24/06/2026 18:43:47";"2026-06-24 18:43:47";1784861465;;
"Sucesso Imóveis";"Sucesso Imóveis";imoveisunai;Unaí;MG;;;Casas;Venda;"(38) 99935-9555";"(38) 99935-9555";;https://sucessoimoveis.imb.br;;"Sobrado | Alto Padrão";"Unaí, MG";;;"<b>Descrição</b><br/>SOBRADO DE LUXO A VENDA<br/>➜Lote de 360m²<br/>➜04 suítes sendo 01 suite master e todas com moveis planejados<br/>➜Depósito externo e dispensa para organização<br/>➜Banheiro de serviço<br/>➜Revestimentos de primeira linha<br/>➜Banheiros com sistema de monocomando<br/>➜Piscina aquecida e com iluminação interna<br/>➜Lavabo interno e externo<br/>➜Esquadrias de alumínio em todas as portas e janelas<br/>➜Infraestrutura para ar-condicionado em todos os ambientes.<br/>Valor: R$ 2.550.000,00<br/>🤝 Agende uma visita<br/>📲 BILL (38) 9 9996-9555 – CRECI 49239<br/>📲 CÉSAR (38) 9 9935-4646 – CRECI 40029<br/>📲 ELVIO (38) 9 9911-9555 – CRECI 51713<br/> ";2550000;https://sucessoimoveis.imb.br/imoveis/sobrado-alto-padrao/;https://sucessoimoveis.imb.br/imoveis/sobrado-alto-padrao/;"Sobrado | Alto Padrão – Sucesso Imóveis";;;ok;img_167a05ffb1e951a8d1053a3c800e75d7.png,img_bcfeb238daa428a9f3eb4e6262756e5e.png,img_db8e58fb1fc95aadc86ceafb7bf0f652.png,img_983fff7c0ab3963677e951604e035f98.png,img_308a152c590e756714ad2cf0fc3b48dd.png,img_bfa1841693c63a6a1a48cdd4b00f8efe.png,img_b45f08b1265481f0c3af8e2c52a303c1.png,img_350b94585b07dc9ee0eaddce321a6c2e.png,img_deafe1ea4e38b10edd70c78e4ee0d4a8.png,img_f361f9122d1ab82124065d0e01e0c6c5.png;"23/06/2026 23:51:07";"2026-06-23 23:51:07";"24/06/2026 18:43:47";"2026-06-24 18:43:47";1784861467;;
"Sucesso Imóveis";"Sucesso Imóveis";imoveisunai;Unaí;MG;;;Apartamentos;Venda;"(38) 99935-9555";"(38) 99935-9555";;https://sucessoimoveis.imb.br;;"Apartamento | Divineia";"Unaí, MG";;;"<b>Descrição</b><br/>APARTAMENTO A VENDA NO BAIRRO DIVINEIA<br/>➜03 quartos sendo 01 suite<br/>➜Cozinha com moveis planejados<br/>➜No porcelanato<br/>➜Sacada<br/>➜Elevador<br/>➜Vaga de garagem<br/>➜Aceita financiamento<br/>Valor: R$ 380mil<br/>🤝 Agende uma visita<br/>📲 BILL (38) 9 9996-9555 – CRECI 49239<br/>📲 CÉSAR (38) 9 9935-4646 – CRECI 40029<br/>📲 ELVIO (38) 9 9911-9555 – CRECI 51713";380000;https://sucessoimoveis.imb.br/imoveis/apartamento-divineia-2/;https://sucessoimoveis.imb.br/imoveis/apartamento-divineia-2/;"Apartamento | Divineia – Sucesso Imóveis";;;ok;img_049eef00310fa5f279f69c0f773b4a96.png,img_2c7930bd9083fbcb07231986e2eee3e7.png,img_5f7c1fc4bc2dad2df7e414c7a8364914.png,img_3f2392d9305291b8170b930be1744533.png,img_0707a49ef1a87296efc63c3ad920f2e8.png,img_b19b8d24acfdbc3f298bde84346df52e.png,img_a55ecd97887579433f2101f9e3f31d07.png,img_978ff67913c33969271a2b82e0c3c54b.png,img_0b8f068e76a9fc5c52a46e9f2f5e8084.png,img_83d4bc11d4d105a09c1de5affaa4c97d.png;"23/06/2026 23:51:08";"2026-06-23 23:51:08";"24/06/2026 18:43:47";"2026-06-24 18:43:47";1784861468;;
"Sucesso Imóveis";"Sucesso Imóveis";imoveisunai;Unaí;MG;;;Casas;Venda;"(38) 99935-9555";"(38) 99935-9555";;https://sucessoimoveis.imb.br;;"Casa | Água Branca II";"Unaí, MG";;;"<b>Descrição</b><br/>CASA A VENDA NO BAIRRO ÁGUA BRANCA II<br/>➜Área total de 200m²<br/>➜03 quartos sendo 01 suite<br/>➜Sala<br/>➜Cozinha<br/>➜Banheiro social<br/>➜Vaga de garagem<br/>➜Aceita financiamento<br/>Valor: R$ 370mil<br/>🤝 Agende uma visita<br/>📲 BILL (38) 9 9996-9555 – CRECI 49239<br/>📲 CÉSAR (38) 9 9935-4646 – CRECI 40029<br/>📲 ELVIO (38) 9 9911-9555 – CRECI 51713";370000;https://sucessoimoveis.imb.br/imoveis/casa-agua-branca-ii/;https://sucessoimoveis.imb.br/imoveis/casa-agua-branca-ii/;"Casa | Água Branca II – Sucesso Imóveis";;;ok;img_ee642f669f946628b9591d6fe188da97.png,img_08a7c2c53e4beca55fe3073893871b06.png,img_3dacd6b9165d2ddbdd4f297da585839d.png,img_2fac02c29e509fa8c3eaf9e593cfd8fe.png,img_335a7369d94ae8937ee9ac4a501d5732.png,img_f1f2e67698688c2a354cb4a305cb9af3.png,img_c941f48fc5127ac28b09e47d75dac24c.png,img_250fd1751ca195e87dd56bfe43808f0a.png,img_a5a2f751a0649a8c3ddd39afca944c46.png,img_d20360973804e8268e346b0940f3b0ef.png;"23/06/2026 23:51:09";"2026-06-23 23:51:09";"24/06/2026 18:43:47";"2026-06-24 18:43:47";1784861469;;
"Sucesso Imóveis";"Sucesso Imóveis";imoveisunai;Unaí;MG;;;Casas;Venda;"(38) 99935-9555";"(38) 99935-9555";;https://sucessoimoveis.imb.br;;"Casa | Terra Nova";"Unaí, MG";;;"<b>Descrição</b><br/>CASA A VENDA NO BAIRRO TERRA NOVA<br/>➜Área total de 300m²<br/>➜Área construída de 180m²<br/>➜03 quartos sendo 01 suíte com closet<br/>➜Cozinha com armários planejados e churrasqueira<br/>➜Sala ampla<br/>➜Ofurô com hidromassagem e aquecida<br/>➜Lavabo<br/>➜Banheiro social<br/>➜Garagem para 02 carros<br/>➜Aceita financiamento<br/>Valor: R$ 890mil<br/>🤝 Agende uma visita<br/>📲 BILL (38) 9 9996-9555 – CRECI 49239<br/>📲 CARLA (38) 9 9996-7788 – CRECI 46816<br/>📲 CÉSAR (38) 9 9935-4646 – CRECI 40029<br/>📲 ELVIO (38) 9 9911-9555 – CRECI 51713";890000;https://sucessoimoveis.imb.br/imoveis/casa-terra-nova-5/;https://sucessoimoveis.imb.br/imoveis/casa-terra-nova-5/;"Casa | Terra Nova – Sucesso Imóveis";;;ok;img_fda3f090d08f858bbb7ce5c151b7f245.png,img_1079f759ab0741577dc537d501b758ca.png,img_a378bc370848edf8e06cceb719935e8c.png,img_938dacc8d40a51c271a9fa275fd804be.png,img_8705c1a8a88ef2ff1be97a91266eb6d8.png,img_8df7b90c8be7aaecd80820c5944c0b88.png,img_6da796610fcd332247766b73f62aab6b.png,img_86d18112800c3123d0a86da96c1211b0.png,img_9296d353b38ee75f0c6f072daf57f06a.png,img_84665dc666077dc900ba8467e2619ab7.png;"23/06/2026 23:51:11";"2026-06-23 23:51:11";"24/06/2026 18:43:47";"2026-06-24 18:43:47";1784861471;;
"Sucesso Imóveis";"Sucesso Imóveis";imoveisunai;Unaí;MG;;;Casas;Venda;"(38) 99935-9555";"(38) 99935-9555";;https://sucessoimoveis.imb.br;;"Casa | Santa Luzia";"Unaí, MG";;;"<b>Descrição</b><br/>CASA A VENDA NO BAIRRO SANTA LUZIA<br/>➜Área total de 311m²<br/>➜Área construída de 230m²<br/>➜03 quartos sendo 01 suite<br/>➜Sala de estar<br/>➜Sala de TV<br/>➜Cozinha americana<br/>➜Área gourmet com churrasqueira<br/>➜Área de serviço<br/>➜Dispensa<br/>➜Armários planejados nos quartos e na cozinha<br/>➜Piso em porcelanato<br/>➜Não aceita financiamento<br/>➜Pega imóvel de menor valor na negociação<br/>Valor: R$ 600mil<br/>🤝 Agende uma visita<br/>📲 BILL (38) 9 9996-9555 – CRECI 49239<br/>📲 CARLA (38) 9 9996-7788 – CRECI 46816<br/>📲 CÉSAR (38) 9 9935-4646 – CRECI 40029<br/>📲 ELVIO (38) 9 9911-9555 – CRECI 51713";600000;https://sucessoimoveis.imb.br/imoveis/casa-santa-luzia-2/;https://sucessoimoveis.imb.br/imoveis/casa-santa-luzia-2/;"Casa | Santa Luzia – Sucesso Imóveis";;;ok;img_dd820859c7b858084b6f2c85e8b2a68c.png,img_ce1f1f40c8488abb626fe0c6c175f812.png,img_85f6df1fae007931e029cd038ae6b502.png,img_fdc2f5fa7dd288de82093f10af19b9ca.png,img_abf0ad7b4fdb065942e2f12d3a6e70a4.png,img_664eef3a54326a5452d22e211c1671c7.png,img_97d268d6647213ff583810508ca2da6a.png,img_91db7223486cdb46b97d9ab1c51d19e7.png,img_b92c19661ad439ae9e04118478c93f57.png,img_dad2b31633bdd3bd652f904c9e8e800a.png;"23/06/2026 23:51:12";"2026-06-23 23:51:12";"24/06/2026 18:43:47";"2026-06-24 18:43:47";1784861472;;
"Sucesso Imóveis";"Sucesso Imóveis";imoveisunai;Unaí;MG;;;Casas;Venda;"(38) 99935-9555";"(38) 99935-9555";;https://sucessoimoveis.imb.br;;"Casa | Primavera";"Unaí, MG";;;"<b>Descrição</b><br/>CASA A VENDA NO BAIRRO PRIMAVERA<br/>➜Área total de 200m²<br/>➜02 quartos<br/>➜Casa de forro<br/>➜Não aceita financiamento<br/>Valor: R$ 350mil<br/>🤝 Agende uma visita<br/>📲 BILL (38) 9 9996-9555 – CRECI 49239<br/>📲 CARLA (38) 9 9996-7788 – CRECI 46816<br/>📲 CÉSAR (38) 9 9935-4646 – CRECI 40029<br/>📲 ELVIO (38) 9 9911-9555 – CRECI 51713";350000;https://sucessoimoveis.imb.br/imoveis/casa-primavera-10/;https://sucessoimoveis.imb.br/imoveis/casa-primavera-10/;"Casa | Primavera – Sucesso Imóveis";;;ok;img_4e282e79f62909ed521ca82e95050e75.png,img_152550ba79c40eb487cf492199c3087c.png,img_04eace20351fae57a2fc732fa92e3118.png,img_df87ac0fc2a15714e8e640dfdb55f544.png,img_4388032b1f62770063fa811bc5d65d5f.png,img_f8a1869c9ba18c6f9a38a7ef9599375f.png,img_4258a74283c782697d0642c24b3b12e4.png,img_c17797594c983ac6d2151c055cc9b81f.png,img_5225365f1c6507043729eddbfabacdf9.png;"23/06/2026 23:51:13";"2026-06-23 23:51:13";"24/06/2026 18:43:47";"2026-06-24 18:43:47";1784861473;;
"Sucesso Imóveis";"Sucesso Imóveis";imoveisunai;Unaí;MG;;;"Sítios e Chácaras";Venda;"(38) 99935-9555";"(38) 99935-9555";;https://sucessoimoveis.imb.br;;"Chácara | Terra Nova";"Unaí, MG";;;"<b>Descrição</b><br/>LOTES A VENDA NO BAIRRO TERRA NOVA<br/>➜Lotes 36 e 37 da quadra 07<br/>➜Área total de cada lote: 300m²<br/>➜10×30<br/>➜Lotes escriturados<br/>➜Sol da manhã<br/>➜Asfalto<br/>➜Aceita financiamento<br/>Valor: R$ 160mil cada<br/>🤝 Agende uma visita<br/>📲 BILL (38) 9 9996-9555 – CRECI 49239<br/>📲 CARLA (38) 9 9996-7788 – CRECI 46816<br/>📲 CÉSAR (38) 9 9935-4646 – CRECI 40029<br/>📲 ELVIO (38) 9 9911-9555 – CRECI 51713";160000;https://sucessoimoveis.imb.br/imoveis/chacara-terra-nova/;https://sucessoimoveis.imb.br/imoveis/chacara-terra-nova/;"Chácara | Terra Nova – Sucesso Imóveis";;;ok;img_e121aaffb9b085a63ed1a7889a368ff0.png,img_4987d3e33cf16b5b0f83a5ff91f970a4.png,img_086247a768c29ec3449694e69e267292.png;"23/06/2026 23:51:14";"2026-06-23 23:51:14";"24/06/2026 18:43:47";"2026-06-24 18:43:47";1784861474;;
"Sucesso Imóveis";"Sucesso Imóveis";imoveisunai;Unaí;MG;;;"Sítios e Chácaras";Venda;"(38) 99935-9555";"(38) 99935-9555";;https://sucessoimoveis.imb.br;;"Chácara | Mansões Concordea";"Unaí, MG";;;"<b>Descrição</b><br/>CHÁCARA A VENDA MANSÕES CONCÓRDIA<br/>➜Área total de 2.000m²<br/>➜25×80<br/>➜Escriturada e registrada<br/>➜Aceita financiamento<br/>➜Aceita sugestão de negocio<br/>Valor: R$ 160mil<br/>🤝 Agende uma visita<br/>📲 BILL (38) 9 9996-9555 – CRECI 49239<br/>📲 CARLA (38) 9 9996-7788 – CRECI 46816<br/>📲 CÉSAR (38) 9 9935-4646 – CRECI 40029<br/>📲 ELVIO (38) 9 9911-9555 – CRECI 51713";160000;https://sucessoimoveis.imb.br/imoveis/chacara-mansoes-concordea/;https://sucessoimoveis.imb.br/imoveis/chacara-mansoes-concordea/;"Chácara | Mansões Concordea – Sucesso Imóveis";;;ok;img_e85d932ff3e87aaca76d4dce2439f2d7.png,img_52fa0663207b839193ea89fff8e63661.png,img_b90a9f5e978127ac9607fe7be036387e.png;"23/06/2026 23:51:16";"2026-06-23 23:51:16";"24/06/2026 18:43:47";"2026-06-24 18:43:47";1784861476;;
"Sucesso Imóveis";"Sucesso Imóveis";imoveisunai;Unaí;MG;;;"Sítios e Chácaras";Venda;"(38) 99935-9555";"(38) 99935-9555";;https://sucessoimoveis.imb.br;;"Chácara | Eldorado";"Unaí, MG";;;"<b>Descrição</b><br/>CHÁCARA A VENDA NO BAIRRO ELDORADO<br/>➜Área total de 2.608m²<br/>➜40,23m de frente<br/>➜70m na lateral esquerda<br/>➜69,48m na lateral direita<br/>➜42,54m de fundo<br/>➜Ótima localização<br/>➜Sol da manhã<br/>➜Aceita sugestão de negocio<br/>Valor: R$ 250mil<br/>🤝 Agende uma visita<br/>📲 BILL (38) 9 9996-9555 – CRECI 49239<br/>📲 CARLA (38) 9 9996-7788 – CRECI 46816<br/>📲 CÉSAR (38) 9 9935-4646 – CRECI 40029<br/>📲 ELVIO (38) 9 9911-9555 – CRECI 51713";250000;https://sucessoimoveis.imb.br/imoveis/chacara-eldorado/;https://sucessoimoveis.imb.br/imoveis/chacara-eldorado/;"Chácara | Eldorado – Sucesso Imóveis";;;ok;img_639d3fe9d139c3d580a84d8264d56c12.png,img_567b12cf9cbf39b559380232a68cc378.png,img_f5680bdd7b7e66d0ea56b914d418ac3f.png,img_ce7d5ac5dc9c0e7ce66fd6d641d0b4aa.png,img_e06a60422521fae10cb74c43c5736798.png;"23/06/2026 23:51:17";"2026-06-23 23:51:17";"24/06/2026 18:43:47";"2026-06-24 18:43:47";1784861477;;
"Sucesso Imóveis";"Sucesso Imóveis";imoveisunai;Unaí;MG;;;Casas;Venda;"(38) 99935-9555";"(38) 99935-9555";;https://sucessoimoveis.imb.br;;"Casa | Santa Luzia";"Unaí, MG";;;"<b>Descrição</b><br/>CASA A VENDA NO BAIRRO SANTA LUZIA<br/>➜Área total de 388m²<br/>➜Área construída de 275m²<br/>➜03 quartos sendo 01 suite<br/>➜Casa de laje com base para sobrado<br/>➜Sala<br/>➜Cozinha ampla<br/>➜Dispensa<br/>➜Área de serviço<br/>➜Área gourmet<br/>➜Lavabo<br/>➜Garagem para 03 carros<br/>Valor: R$ 900mil<br/>🤝 Agende uma visita<br/>📲 BILL (38) 9 9996-9555 – CRECI 49239<br/>📲 CARLA (38) 9 9996-7788 – CRECI 46816<br/>📲 CÉSAR (38) 9 9935-4646 – CRECI 40029<br/>📲 ELVIO (38) 9 9911-9555 – CRECI 51713";900000;https://sucessoimoveis.imb.br/imoveis/casa-santa-luzia/;https://sucessoimoveis.imb.br/imoveis/casa-santa-luzia/;"Casa | Santa Luzia – Sucesso Imóveis";;;ok;img_4345cf214acea11a69c1720dd5ea858a.png,img_2f04f3325b662e08b32991ff88e07a96.png,img_45e179e79c5be760cd8c1ef75b3732cf.png,img_4e082d71a8dcf0be9afde0fa23284c76.png,img_6ce509f93c7c053efd3b681fb8dff6d3.png,img_6eb86e4d423872a035f7f37f735609f7.png,img_c7df82e10bda1bb890be94bce5757bf6.png,img_aff5083d397c4050dd27161bcc361cc3.png,img_3859d42da2065edbdd5df691e3baf3b5.png,img_b82aa84d65c18a6d0470dd7e04681fee.png;"23/06/2026 23:51:18";"2026-06-23 23:51:18";"24/06/2026 18:43:47";"2026-06-24 18:43:47";1784861478;;
"Sucesso Imóveis";"Sucesso Imóveis";imoveisunai;Unaí;MG;;;Casas;Venda;"(38) 99935-9555";"(38) 99935-9555";;https://sucessoimoveis.imb.br;;"Casa | Primavera";"Unaí, MG";;;"<b>Descrição</b><br/>CASA A VENDA NO BAIRRO PRIMAVERA<br/>➜Área total de 300m²<br/>➜Área construída de 239m²<br/>➜04 quartos sendo 02 suites<br/>➜Closet<br/>➜Área gourmet com churrasqueira<br/>➜03 Vagas de garagem<br/>➜Sacada<br/>➜Escritorio<br/>➜Lavabo<br/>➜Dispensa<br/>➜Rebaixamento em gesso<br/>➜Toda no porcelanato<br/>➜Armários planejados<br/>➜Concertina e cerca eletrica<br/>➜Portão eletronico<br/>➜Sistema de video monitoramento<br/>➜Aceita troca como parte do pagamento<br/>Valor: R$ 950mil<br/>🤝 Agende uma visita<br/>📲 BILL (38) 9 9996-9555 – CRECI 49239<br/>📲 CARLA (38) 9 9996-7788 – CRECI 46816<br/>📲 CÉSAR (38) 9 9935-4646 – CRECI 40029<br/>📲 ELVIO (38) 9 9911-9555 – CRECI 51713";950000;https://sucessoimoveis.imb.br/imoveis/casa-primavera-9/;https://sucessoimoveis.imb.br/imoveis/casa-primavera-9/;"Casa | Primavera – Sucesso Imóveis";;;ok;img_82a828c705564357054493c67924508d.png,img_0d7727b565846204e4142500e3a32b70.png,img_af48ddc531fe2e9f974ba7150a03832d.png,img_f4811a56ca4c67c8c44826877ec05b13.png,img_29c1f921c488ae14d6b8c405b97cb532.png,img_d76bd13de9b45da032067a263058a8fc.png,img_e878233db524062b476b1d5f73d7425e.png,img_f6c5d4988da634307cfb53f11e8f4328.png,img_b428a13f447a1d46aa23383ae3894398.png,img_f3e61b6f845a3676f3c671287c934fad.png;"23/06/2026 23:51:20";"2026-06-23 23:51:20";"24/06/2026 18:43:47";"2026-06-24 18:43:47";1784861480;;
"Sucesso Imóveis";"Sucesso Imóveis";imoveisunai;Unaí;MG;;;Casas;Venda;"(38) 99935-9555";"(38) 99935-9555";;https://sucessoimoveis.imb.br;;"Casa | Bairro Jardim";"Unaí, MG";;;"<b>Descrição</b><br/>CASA A VENDA NO BAIRRO JARDIM<br/>➜Área total de 375m<br/>➜15×25<br/>➜04 quartos sendo 02 suite<br/>➜Casa de laje<br/>➜Aceita financiamento<br/>Valor: R$ 800mil<br/>🤝 Agende uma visita<br/>📲 BILL (38) 9 9996-9555 – CRECI 49239<br/>📲 CARLA (38) 9 9996-7788 – CRECI 46816<br/>📲 CÉSAR (38) 9 9935-4646 – CRECI 40029<br/>📲 ELVIO (38) 9 9911-9555 – CRECI 51713";680000;https://sucessoimoveis.imb.br/imoveis/casa-bairro-jardim-2/;https://sucessoimoveis.imb.br/imoveis/casa-bairro-jardim-2/;"Casa | Bairro Jardim – Sucesso Imóveis";;;ok;img_b9207fd562227e4833727c2c80999ad2.png,img_12241854e42ccdddaf821e550f98eeda.png,img_8de611596675a1eb0a1388181c5fdf27.png,img_2f3926153c8c4f1f1fca6f737b77ac57.png,img_6e6016795c15655bdcb4f0037376a6a8.png,img_ab4cb8c2d2f6756912a3ed997f8d7873.png,img_0e77d995e40a93593fd526980bf0ab9a.png,img_97ce501d962aac8713c1cff496d02c13.png,img_dfb14d99f998c36a168868dfa305751f.png,img_f92c82df7facad68ca318aca84079fed.png;"23/06/2026 23:51:21";"2026-06-23 23:51:21";"24/06/2026 18:43:47";"2026-06-24 18:43:47";1784861481;;
"Sucesso Imóveis";"Sucesso Imóveis";imoveisunai;Unaí;MG;;;Casas;Venda;"(38) 99935-9555";"(38) 99935-9555";;https://sucessoimoveis.imb.br;;"Casa | Bairro Alvorada";"Unaí, MG";;;"<b>Descrição</b><br/>CASA A VENDA NO BAIRRO ALVORADA<br/>➜Área total de 200m²<br/>➜02 quartos<br/>➜Banheiro social<br/>➜Sala<br/>➜Cozinha<br/>➜Área de serviço coberta<br/>➜Garagem<br/>➜Área gourmet<br/>➜01 banheiro<br/>➜01 quarto( falta cerâmica no piso e pintar )<br/>➜01 dispensa ( falta cerâmica no piso e pintar )<br/>➜Casa de laje<br/>➜ACEITA FINANCIAMENTO<br/>Valor: R$ 255mil<br/>🤝 Agende uma visita<br/>📲 BILL (38) 9 9996-9555 – CRECI 49239<br/>📲 CARLA (38) 9 9996-7788 – CRECI 46816<br/>📲 CÉSAR (38) 9 9935-4646 – CRECI 40029<br/>📲 ELVIO (38) 9 9911-9555 – CRECI 51713";255000;https://sucessoimoveis.imb.br/imoveis/casa-bairro-alvorada/;https://sucessoimoveis.imb.br/imoveis/casa-bairro-alvorada/;"Casa | Bairro Alvorada – Sucesso Imóveis";;;ok;img_85421f705c6b44db8551b45e12030403.png,img_c4a499366dfecb5ed70ae15055b5dc8a.png,img_d6dcec38f07a4b3c945d23bb78eda453.png,img_a1c4b1ff172c4b6534ccfb2d4b6301dd.png,img_37c0091c1de17fda5168849271c646ac.png,img_885d6a22580136e89f3dd84556ff245a.png,img_472ed0129434ca57ec4b230b512b6c45.png,img_3d2003880552059a0b5ea301ac631f46.png,img_560c0d3d0a2464bdcb684a875f9162ff.png,img_1a4f2f4f523d276311f0d9fded3a6fd4.png;"23/06/2026 23:51:22";"2026-06-23 23:51:22";"24/06/2026 18:43:47";"2026-06-24 18:43:47";1784861482;;
"Sucesso Imóveis";"Sucesso Imóveis";imoveisunai;Unaí;MG;;;Casas;;"(38) 99935-9555";"(38) 99935-9555";;https://sucessoimoveis.imb.br;;"Casa | Alto Padrão";"Unaí, MG";;;"<b>Descrição</b><br/>CASA ALTO PADRÃO NO BAIRRO SERRA VERDE<br/>➜Área total de 328,61m²<br/>➜Área construída de 280m²<br/>➜03 quartos sendo 01 suite com banheira e sacada<br/>➜Sala<br/>➜Cozinha<br/>➜Banheiro social<br/>➜Área de serviço<br/>➜Escritorio<br/>➜Área gourmet<br/>➜Piscina aquecida e com hidromassagem<br/>➜Garagem para 02 carros<br/>Valor: R$ 1.390.000,00<br/>🤝 Agende uma visita<br/>📲 BILL (38) 9 9996-9555 – CRECI 49239<br/>📲 CARLA (38) 9 9996-7788 – CRECI 46816<br/>📲 CÉSAR (38) 9 9935-4646 – CRECI 40029<br/>📲 ELVIO (38) 9 9911-9555 – CRECI 51713";1390000;https://sucessoimoveis.imb.br/imoveis/casa-alto-padrao-2/;https://sucessoimoveis.imb.br/imoveis/casa-alto-padrao-2/;"Casa | Alto Padrão – Sucesso Imóveis";;;ok;img_3d41ecd39e81a6260dc2a776deaafd25.png,img_55000b84c3e468251c1936d1899dc286.png,img_77edb88a2ef70ac3490031ecca3d7610.png,img_e2df1c8da52664832e127b556e61ac8d.png,img_27967628d352a75a36cd1a429f801c12.png,img_3686e0bd3ee2eba54212b77ee6ad6aa0.png,img_e5721b288358c4a9087c7e3146669280.png,img_ae81b5d6086b4043e352dcc448ea4b40.png,img_3219d0ed156baff7568f219ae02c13ba.png,img_c600406c044caf9723fe2f995d0b787a.png;"23/06/2026 23:51:24";"2026-06-23 23:51:24";"24/06/2026 18:43:47";"2026-06-24 18:43:47";1784861484;;
"Sucesso Imóveis";"Sucesso Imóveis";imoveisunai;Unaí;MG;;;Casas;Venda;"(38) 99935-9555";"(38) 99935-9555";;https://sucessoimoveis.imb.br;;"Casa Alto Padrão | Bella Serra";"Unaí, MG";;;"<b>Descrição</b><br/>CASA ALTO PADRÃO A VENDA NO SERRA VERDE<br/>➜Área total de 363m²<br/>➜Área construída de 398m²<br/>➜04 suites sendo 01 suite master<br/>➜Pé direito alto<br/>➜Sala de estar<br/>➜Sala de jantar<br/>➜Lavabo<br/>➜Cozinha<br/>➜Área de serviço<br/>➜Área gourmet completa<br/>➜Piscina aquecida e com hidromassagem<br/>➜Iluminação em LED<br/>➜Garagem para 04 carros<br/>➜Aceita financiamento<br/>Valor: R$3.000.000,00<br/>🤝 Agende uma visita<br/>📲 BILL (38) 9 9996-9555 – CRECI 49239<br/>📲 CARLA (38) 9 9996-7788 – CRECI 46816<br/>📲 CÉSAR (38) 9 9935-4646 – CRECI 40029<br/>📲 ELVIO (38) 9 9911-9555 – CRECI 51713";3000000;https://sucessoimoveis.imb.br/imoveis/casa-alto-padrao-bella-serra/;https://sucessoimoveis.imb.br/imoveis/casa-alto-padrao-bella-serra/;"Casa Alto Padrão | Bella Serra – Sucesso Imóveis";;;ok;img_69304e44d73047f8a4bf48e4cf9fab7f.png,img_da219f836d9bd677785801df603fc95d.jpg,img_ca1b746cd83ed52fd3182cef56ea38da.jpg,img_7d90dc9f4faa654f860180b71cfeddec.jpg,img_24a12e7777a25924d39b745038e6651b.jpg,img_0412f6b4177b46d4a0f8dfd5dfdade1f.jpg,img_785b7d3387cf8e30a6925b6cf7a548cd.jpg,img_cf0ab079d593ebc123820d0e4c7e09e4.jpg,img_f32960d951170f4d172e483a760e928c.jpg,img_f403b77ac75b154dc58cff8ab1eb50d8.jpg;"23/06/2026 23:51:25";"2026-06-23 23:51:25";"24/06/2026 18:43:47";"2026-06-24 18:43:47";1784861485;;
"Sucesso Imóveis";"Sucesso Imóveis";imoveisunai;Unaí;MG;;;Casas;Venda;"(38) 99935-9555";"(38) 99935-9555";;https://sucessoimoveis.imb.br;;"Casa | Venda";"Unaí, MG";;;"<b>Descrição</b><br/>CASA A VENDA NO BAIRRO ESPLANADA<br/>➜Área total de 300m²<br/>➜Área construída de 200m²<br/>➜02 quartos com guarda-roupa, painel e banheiro americano<br/>➜01 suite com closet<br/>➜Cozinha planejada<br/>➜Sala com pé direito duplo<br/>➜Iluminação em LED<br/>➜Toda no porcelanato<br/>➜Área gourmet com banheiro e piscina aquecida<br/>➜Cerca eletrica<br/>➜02 vagas de garagem<br/>Valor: R$ 1.390.000,00<br/>🤝 Agende uma visita<br/>📲 BILL (38) 9 9996-9555 – CRECI 49239<br/>📲 CARLA (38) 9 9996-7788 – CRECI 46816<br/>📲 CÉSAR (38) 9 9935-4646 – CRECI 40029<br/>📲 ELVIO (38) 9 9911-9555 – CRECI 51713";1390000;https://sucessoimoveis.imb.br/imoveis/casa-venda/;https://sucessoimoveis.imb.br/imoveis/casa-venda/;"Casa | Venda – Sucesso Imóveis";;;ok;img_ed5d6cb8b2587b1b60f7723ad8c981f1.png,img_760d10e1d0921c60e7d17535050549cb.png,img_7aaa6b7df815038e4e21510a2cf88e38.png,img_f3badb54c850cf93a9209970f930b944.png,img_62016159694f1da1bf53d687ad9f77d9.png,img_4dcb282c5a42fb941bc099aed12324ac.png,img_d08ed4c8c3894cc856cf7b88b8eb1cc2.png,img_6ac0aea5ac952a811ae2b6f5ee52c9bc.png,img_3341c180405aa5d24e3784eaf46373e3.png,img_d77fb6eaec2ab26557cfd25e8cb21dbc.png;"23/06/2026 23:51:26";"2026-06-23 23:51:26";"24/06/2026 18:43:47";"2026-06-24 18:43:47";1784861486;;
"Sucesso Imóveis";"Sucesso Imóveis";imoveisunai;Unaí;MG;;;Casas;Venda;"(38) 99935-9555";"(38) 99935-9555";;https://sucessoimoveis.imb.br;;"Casa | Divineia";"Unaí, MG";;;"<b>Descrição</b><br/>CASA A VENDA NO BAIRRO DIVINEIA<br/>➜03 quartos sendo 01 suite<br/>➜Sala<br/>➜Cozinha<br/>➜Banheiro social<br/>➜Área gourmet com lavabo<br/>➜Garagem coberta para 02 carros<br/>➜Aceita financiamento<br/>Valor: R$ 550mil<br/>🤝 Agende uma visita<br/>📲 BILL (38) 9 9996-9555 – CRECI 49239<br/>📲 CARLA (38) 9 9996-7788 – CRECI 46816<br/>📲 CÉSAR (38) 9 9935-4646 – CRECI 40029<br/>📲 ELVIO (38) 9 9911-9555 – CRECI 51713";550000;https://sucessoimoveis.imb.br/imoveis/casa-divineia-2/;https://sucessoimoveis.imb.br/imoveis/casa-divineia-2/;"Casa | Divineia – Sucesso Imóveis";;;ok;img_773b509c343b750a00fbb83664e4f462.png,img_85579d130295c44782234eb44c3a98e3.png,img_d6c17594c9ad7d31b7e96ec8c8148005.png,img_898a6cf4e120f979e47f8f015f059ddb.png,img_91a6afe1b5f79fc45fefba879f9b11fd.png,img_1237969bd2fb9f47e64cad677a4887d1.png,img_9eef4dd7e83f3331b760cd263719f047.png,img_97d8c7963c8fb00a5bebca8bcea70ecf.png,img_75677f11cb1a9dcf81c5aa9c8cf4a4ed.png,img_0934ae430fdbdc3ce04a5cfde1001c96.png;"23/06/2026 23:51:27";"2026-06-23 23:51:27";"24/06/2026 18:43:47";"2026-06-24 18:43:47";1784861487;;
"Sucesso Imóveis";"Sucesso Imóveis";imoveisunai;Unaí;MG;;;Casas;Venda;"(38) 99935-9555";"(38) 99935-9555";;https://sucessoimoveis.imb.br;;"Sobrado Alto Padrão | Centro";"Unaí, MG";;;"<b>Descrição</b><br/>SOBRADO ALTO PADRÃO A VENDA NO CENTRO<br/>➜Área total de 300m²<br/>➜Área construída de 368m²<br/>➜06 quartos sendo 03 suítes com moveis planejados<br/>➜02 banheiros sociais e 01 lavabo<br/>➜Sala de jantar e sala de TV<br/>➜Sala de lazer no segundo piso<br/>➜Cozinha gourmet com móveis planejados<br/>➜Lavanderia<br/>➜04 vagas de garagem<br/>➜Aquecedor solar<br/>➜Localização privilegiada<br/>Valor: R$ 1.500.000<br/>🤝 Agende uma visita<br/>📲 BILL (38) 9 9996-9555 – CRECI 49239<br/>📲 CARLA (38) 9 9996-7788 – CRECI 46816<br/>📲 CÉSAR (38) 9 9935-4646 – CRECI 40029<br/>📲 ELVIO (38) 9 9911-9555 – CRECI 51713";1500000;https://sucessoimoveis.imb.br/imoveis/sobrado-alto-padrao-centro/;https://sucessoimoveis.imb.br/imoveis/sobrado-alto-padrao-centro/;"Sobrado Alto Padrão | Centro – Sucesso Imóveis";;;ok;img_f04a726b04a004770bbaa526d51a8c6b.png,img_fd3f728f5b060ce39f43b846a0ac9321.png,img_c84b64e653f5c283c08da530f879f2a5.png,img_bde6d64e2f73242d7e45b42ce6bf1a80.png,img_e9276e7595d6a7423e814de183e4fe8a.png,img_284fc4ff40e33c80712c3d3346718307.png,img_c2d618f1b7bcb13fa60c14e3173083c7.png,img_674b22ef808b4e2dc82d990992342570.png,img_09664007812e0f22e188e3f452818a00.png,img_5165ce278995fa3b56673b7ed2f9f7d4.png;"23/06/2026 23:51:29";"2026-06-23 23:51:29";"24/06/2026 18:43:47";"2026-06-24 18:43:47";1784861489;;
"Sucesso Imóveis";"Sucesso Imóveis";imoveisunai;Unaí;MG;;;Casas;Venda;"(38) 99935-9555";"(38) 99935-9555";;https://sucessoimoveis.imb.br;;"Casa | Água Branca 2";"Unaí, MG";;;"<b>Descrição</b><br/>CASA A VENDA NO BAIRRO ÁGUA BRANCA 2<br/>➜03 quartos sendo 01 suite<br/>➜Sala e cozinha integradas<br/>➜Banheiro social<br/>➜Casa de laje<br/>➜Estuda sugestão de negocio<br/>Valor: R$ 480mil<br/>🤝 Agende uma visita<br/>📲 BILL (38) 9 9996-9555 – CRECI 49239<br/>📲 CARLA (38) 9 9996-7788 – CRECI 46816<br/>📲 CÉSAR (38) 9 9935-4646 – CRECI 40029<br/>📲 ELVIO (38) 9 9911-9555 – CRECI 51713";480000;https://sucessoimoveis.imb.br/imoveis/casa-agua-branca-2-2/;https://sucessoimoveis.imb.br/imoveis/casa-agua-branca-2-2/;"Casa | Água Branca 2 – Sucesso Imóveis";;;ok;img_75a3520f57a6a1bb6a4f8a5280ee7c52.png,img_8e132b52424a9115d38939f3059d0e66.png,img_cd82e91c94ae8ff86693fdd6ad21e8f2.png,img_48912350429bcef35534ab6f83710758.png,img_a3d6a2b5ac43bf55c1de8ae606705e06.png,img_5ae5e892502dfad2f6030ec5d81498d2.png,img_e771fcc3eddb5a17226498620f4fed46.png,img_770056d5679cba1dc4abe49274c4592c.png,img_54b5dee55e3e29a6bb9a8a597f2df744.png,img_cb5b4782058604d571701543b59d599e.png;"23/06/2026 23:51:30";"2026-06-23 23:51:30";"24/06/2026 18:43:47";"2026-06-24 18:43:47";1784861490;;
"Sucesso Imóveis";"Sucesso Imóveis";imoveisunai;Unaí;MG;;;Casas;Venda;"(38) 99935-9555";"(38) 99935-9555";;https://sucessoimoveis.imb.br;;"Casa | Canabrava";"Unaí, MG";;;"<b>Descrição</b><br/>CASA A VENDA NO BAIRRO CANABRAVA<br/>➜Lote de 240mts<br/>➜03 quartos sendo 01 suite<br/>➜Sala<br/>➜Cozinha<br/>➜Banheiro social<br/>➜Área de serviço<br/>➜Varanda<br/>➜Forro PVC<br/>Valor: R$ 280mil<br/>🤝 Agende uma visita<br/>📲 BILL (38) 9 9996-9555 – CRECI 49239<br/>📲 CARLA (38) 9 9996-7788 – CRECI 46816<br/>📲 CÉSAR (38) 9 9935-4646 – CRECI 40029<br/>📲 ELVIO (38) 9 9911-9555 – CRECI 51713";280000;https://sucessoimoveis.imb.br/imoveis/casa-canabrava/;https://sucessoimoveis.imb.br/imoveis/casa-canabrava/;"Casa | Canabrava – Sucesso Imóveis";;;ok;img_af95634b21d8c7624a7bba733bd5a6fc.png,img_4386c13682d015c90a148f553f5ac318.png,img_a14e4de9384b4168071f4fdf7a56139c.png,img_39c058b781e07524e22e1677ea367a22.png,img_6008de327a82a738c2985387977961d5.png,img_cec9ff50be466375114efaa380f13212.png,img_7d8f50d0997bdeb185d7652f77437a64.png,img_2de79e144da930c4e679c0410956e984.png,img_30199108451f3a7c584dffebc2ef13b4.png,img_3bac6b61e494d7840c00b23d1ab662ec.png;"23/06/2026 23:51:31";"2026-06-23 23:51:31";"24/06/2026 18:43:47";"2026-06-24 18:43:47";1784861491;;
"Sucesso Imóveis";"Sucesso Imóveis";imoveisunai;Unaí;MG;;;"Barracoes e Galpões";Venda;"(38) 99935-9555";"(38) 99935-9555";;https://sucessoimoveis.imb.br;;"Barracão | Venda";"Unaí, MG";;;"<b>Descrição</b><br/>BARRACÃO A VENDA<br/>➜Área de 330m²<br/>➜02 banheiros<br/>➜Escritório<br/>➜Cozinha<br/>➜Piso usinado polido e com malha em baixo<br/>➜Portão eletrico<br/>➜Ao lado da fabrica de ração da capul<br/>➜Pega troca<br/>Valor: R$ 500mil<br/>🤝 Agende uma visita<br/>📲 BILL (38) 9 9996-9555 – CRECI 49239<br/>📲 CARLA (38) 9 9996-7788 – CRECI 46816<br/>📲 CÉSAR (38) 9 9935-4646 – CRECI 40029<br/>📲 ELVIO (38) 9 9911-9555 – CRECI 51713";500000;https://sucessoimoveis.imb.br/imoveis/barracao-venda/;https://sucessoimoveis.imb.br/imoveis/barracao-venda/;"Barracão | Venda – Sucesso Imóveis";;;ok;img_05c7af05a793704d5b4a7d93c7cbd1b4.png,img_175d9ebbf48e5c9d64079547f4d65d35.png,img_27f8ea4645503a1bd4e868f138fa51b9.png,img_73612d000ff0df091f108a4138fdbef0.png,img_b5bd33e4e1e31451c3e5cfb26fbffed2.png,img_c622a0d6d7f637c9f266d80d75d398f5.png,img_a734d1c640b95f520eafce10fa1b2053.png,img_c2d6d963d19687e61e73c0a525f48535.png,img_b7039f2277e5201c99d2e48ff69ef0d0.png,img_d057a60bad45245e94292344fb697eea.png;"23/06/2026 23:51:32";"2026-06-23 23:51:32";"24/06/2026 18:43:47";"2026-06-24 18:43:47";1784861492;;
"Sucesso Imóveis";"Sucesso Imóveis";imoveisunai;Unaí;MG;;;Casas;Venda;"(38) 99935-9555";"(38) 99935-9555";;https://sucessoimoveis.imb.br;;"Sobrado | Venda";"Unaí, MG";;;"<b>Descrição</b><br/>SOBRADO A VENDA NO BAIRRO CACHOEIRA<br/>TÉRREO<br/>➜03 quartos sendo 01 suite<br/>➜01 banheiro social<br/>➜Sala ampla<br/>➜Copa<br/>➜Cozinha<br/>➜Área gourmet<br/>➜Lavabo<br/>PISO SUPERIOR<br/>➜03 quartos sendo 01 suite<br/>➜01 banheiro social<br/>➜Sala ampla<br/>➜Copa<br/>➜Cozinha<br/>➜Área de serviço<br/>➜Despensa<br/>Valor: R$ 890 mil<br/>🤝 Agende uma visita<br/>📲 BILL (38) 9 9996-9555 – CRECI 49239<br/>📲 CARLA (38) 9 9996-7788 – CRECI 46816<br/>📲 CÉSAR (38) 9 9935-4646 – CRECI 40029<br/>📲 ELVIO (38) 9 9911-9555 – CRECI 51713";890000;https://sucessoimoveis.imb.br/imoveis/3861/;https://sucessoimoveis.imb.br/imoveis/3861/;"Sobrado | Venda – Sucesso Imóveis";;;ok;img_ae5fc119d142828f86f4c30522d51124.png,img_e4ee85b401224f7a4afb161ed152aad7.png,img_23b5c0bfa3741074e7cbe25c4cc219f2.png,img_3e43f5e4992b25299006846e12360e26.png,img_b81c2fedacc9fa756c3e5f45d8b49e74.png,img_ebde609990a5c3dd1917075d237150d9.png,img_b6916361a78a1e7256c371bae75ded37.png,img_ec982b5797b960ee9e3518109c15e3ec.png,img_06519cb327ed00e38b8068559361cee1.png,img_69796236fd9701b778906b1d6854da29.png;"23/06/2026 23:51:34";"2026-06-23 23:51:34";"24/06/2026 18:43:47";"2026-06-24 18:43:47";1784861494;;
"Sucesso Imóveis";"Sucesso Imóveis";imoveisunai;Unaí;MG;;;Apartamentos;Venda;"(38) 99935-9555";"(38) 99935-9555";;https://sucessoimoveis.imb.br;;"Apartamento | Centro";"Unaí, MG";;;"<b>Descrição</b><br/>APARTAMENTO A VENDA NO CENTRO<br/>➜Área de 105m²<br/>➜03 quartos sendo 01 suite<br/>➜Sacada de frente para a rua<br/>➜Aceita financiamento<br/>Valor: R$450 mil<br/>🤝 Agende uma visita<br/>📲 BILL (38) 9 9996-9555 – CRECI 49239<br/>📲 CARLA (38) 9 9996-7788 – CRECI 46816<br/>📲 CÉSAR (38) 9 9935-4646 – CRECI 40029<br/>📲 ELVIO (38) 9 9911-9555 – CRECI 51713";450000;https://sucessoimoveis.imb.br/imoveis/apartamento-centro/;https://sucessoimoveis.imb.br/imoveis/apartamento-centro/;"Apartamento | Centro – Sucesso Imóveis";;;ok;img_f29bbe64a91bc70e10ec222acbc5c75b.png,img_309bf4caab1e1e3affbb241c006db5d8.png,img_7bbc95c7edc4b810db04443e685d2f11.png,img_519e7dbcf7a346445497ef69a0ca7f9e.png,img_a572e4f3b43718bee0ff8c55fe1f58c5.png,img_976e76308396fc130bb638b3b680f05b.png,img_73a8d5217ad7c16c9c8be6868ec0735a.png,img_eae4a70d1c295cb6e37cdb24d33603bd.png,img_beda9186bde4e25333dcf8a961f6b7cb.png,img_33f4ad63d9e061e552cf9ea86405947c.png;"23/06/2026 23:51:35";"2026-06-23 23:51:35";"24/06/2026 18:43:47";"2026-06-24 18:43:47";1784861495;;
"Novo Lar";;imoveisunai;Unaí;MG;;;"Barracoes e Galpões";Aluguel;"(38) 99879-9441";"(38) 99879-9441";;https://novolarimobiliariaunai.com.br;;BARRACAO;"Unaí, MG";;;"<b>Descrição do imóvel</b><br/>Aluga-se Barracão Industrial!<br/>Localização: BR 251/ Próximo ao Posto HP<br/>Características:<br/>- Terreno: 1.148 m2<br/>- Área: 845 m2<br/>- Fundo com sistema de passagem de gordura<br/>Não perca essa oportunidade! Entre em contato para mais informações e agende uma visita.<br/>Contato: (38) 9.9940-2292<br/>(38) 9.9908-9000<br/>(38) 9.9964-6009<br/>Imobiliária Novo Lar - Rua Buritis, 314 - Centro, Unaí/MG";12000;img_8d1215e7b66b37e83c60d8df6f3e51f2.jpg;https://novolarimobiliariaunai.com.br/alugar/mg/unai/centro/barracao/74208111;"Novo Lar Imobiliária";img_face4edbfebaaadbf4c2c77119c3632f.jpg;"aluga-se barracão industrial! localização: br 251/ próximo ao posto hp características: - terreno: 1.148 m2 - área: 845 m2 - fundo com sistema de passagem de gordura não perca essa oportunidade! entre em contato para mais informações e agende uma visita. contato: (38) 9.9940-2292 (38) 9.9908-9000 (38) 9.9964-6009 imobiliária novo lar - rua buritis, 314 - centro, unaí/mg";ok;img_e90d2b8843c3f5f15c040953e4f32200.jpg,img_b73a7fab9ee303d7dcd1bff8871de738.jpg,img_21cc44cdee82a0c02554ab6772c4c153.jpg,img_6c8e06ae482e1000852a9d1e8b4b052f.jpg,img_118154d18133c5985b2ca078b5dd46a3.jpg;"23/06/2026 23:51:37";"2026-06-23 23:51:37";"24/06/2026 18:43:47";"2026-06-24 18:43:47";1784861497;;
"Novo Lar";;imoveisunai;Unaí;MG;;;"Lotes e Terrenos";Venda;"(38) 99879-9441";"(38) 99879-9441";;https://novolarimobiliariaunai.com.br;;TERRENO;"Unaí, MG";;;"<b>Descrição do imóvel</b><br/>Venda Lote no Reserva do Rio Preto ? Unaí/MG<br/>Reserva do Rio Preto Quadra 42 | Lote 03<br/>Rua sem saída, próxima à área verde e ao rio<br/>Área aproximada: 430 m²<br/>Topografia excelente<br/>Localização privilegiada dentro do loteamento<br/>Diferenciais do imóvel<br/>Rua tranquila, com pouco fluxo (mais privacidade e segurança)<br/>Próximo à natureza (área verde e rio)<br/>Região em constante valorização<br/>Loteamento organizado, com diversas construções de alto padrão<br/>Ideal para construção de residência de alto padrão<br/>Condições facilitadas<br/>Lote financiado direto com a loteadora<br/>Parcelas em torno de R$ 1.200,00 a R$ 1.300,00<br/>Transferência facilitada<br/>Lote em localização nobre, com excelente topografia e alto potencial de valorização ? perfeito para quem deseja construir com exclusividade e qualidade de vida!<br/>Informações e visitas: (38) 9.9940-2292";1200;img_e7ba854c6954e90a27afb98898d0edb1.jpg;https://novolarimobiliariaunai.com.br/comprar/mg/unai/centro/terreno/78313704;"Novo Lar Imobiliária";img_a48e219c365a31ccbe7dd36cd69bcbfd.jpg;"venda lote no reserva do rio preto ? unaí/mg reserva do rio preto quadra 42 | lote 03 rua sem saída, próxima à área verde e ao rio área aproximada: 430 m² topografia excelente localização privilegiada dentro do loteamento diferenciais do imóvel rua tranquila, com pouco fluxo (mais privacidade e segurança) próximo à natureza (área verde e rio) região em constante valorização loteamento organizado, com diversas construções de alto padrão ideal para construção de residência de alto padrão condições facilitadas lote financiado direto com a loteadora parcelas em torno de r$ 1.200,00 a r$ 1.300,00 transferência facilitada lote em localização nobre, com excelente topografia e alto potencial de valorização ? perfeito para quem deseja construir com exclusividade e qualidade de vida! informações e visitas: (38) 9.9940-2292";ok;img_98cbb39546edb6641f0cd53356148009.jpg,img_962f1e122bb8af4f4af56a6eb0e8dc52.jpg,img_cba99099b2adf71b4515ece69fa50572.jpg;"23/06/2026 23:51:39";"2026-06-23 23:51:39";"24/06/2026 18:43:47";"2026-06-24 18:43:47";1784861499;;
"Novo Lar";;imoveisunai;Unaí;MG;;;"Lotes e Terrenos";Aluguel;"(38) 99879-9441";"(38) 99879-9441";;https://novolarimobiliariaunai.com.br;;TERRENO;"Unaí, MG";;;"<b>Descrição do imóvel</b><br/>Venda | Residencial Vitória ? Sua chance de sair do aluguel!<br/>Entrada a partir de R$ 4.750,00<br/>Condições facilitadas em até 3x<br/>Parcelas de apenas R$ 542,38<br/>Loteamento pronto para construir!<br/>Localizado após o Bairro Mamoeiro, ao lado do Bairro Santa Clara - saída para Cabeceira Grande/MG.<br/>Uma excelente oportunidade para conquistar seu lote próprio com parcelas acessíveis e começar a construir o seu futuro com segurança e tranquilidade.<br/>Ideal para quem quer sair do aluguel<br/>Ótima oportunidade de investimento<br/>Condições facilitadas<br/>Parcelas que cabem no bolso<br/>Fale agora mesmo com a equipe da Novo Lar e saiba mais: (38) 9.9940-2292<br/>Rua Buritis, 314 ? Centro, Unaí?MG<br/>Imobiliária Novo Lar - Tradição, confiança e as melhores localizações!";4750;img_57ee9916019b28e6f229ac72d735f934.jpg;https://novolarimobiliariaunai.com.br/comprar/mg/unai/centro/terreno/78383764;"Novo Lar Imobiliária";img_9485507a494f5c6316d8252d31e63475.jpg;"venda | residencial vitória ? sua chance de sair do aluguel! entrada a partir de r$ 4.750,00 condições facilitadas em até 3x parcelas de apenas r$ 542,38 loteamento pronto para construir! localizado após o bairro mamoeiro, ao lado do bairro santa clara - saída para cabeceira grande/mg. uma excelente oportunidade para conquistar seu lote próprio com parcelas acessíveis e começar a construir o seu futuro com segurança e tranquilidade. ideal para quem quer sair do aluguel ótima oportunidade de investimento condições facilitadas parcelas que cabem no bolso fale agora mesmo com a equipe da novo lar e saiba mais: (38) 9.9940-2292 rua buritis, 314 ? centro, unaí?mg imobiliária novo lar - tradição, confiança e as melhores localizações!";ok;img_c6af5fe4421ab38992956d5c28ccbf36.jpg,img_927d51f6fd9ebe543afb8aa96ad58e27.jpg,img_1da91d60073e23fcd0d4180ab9e9d811.jpg,img_96d1620086e3f51def657283dad95c11.jpg,img_4ca1f05347f1f22ac60c2584abdbd3aa.jpg,img_1bf5d41033fe7ef239d031bab3091f57.jpg;"23/06/2026 23:51:40";"2026-06-23 23:51:40";"24/06/2026 18:43:47";"2026-06-24 18:43:47";1784861500;;
"Novo Lar";;imoveisunai;Unaí;MG;;;"Lotes e Terrenos";;"(38) 99879-9441";"(38) 99879-9441";;https://novolarimobiliariaunai.com.br;;TERRENO;"Unaí, MG";;;"<b>Descrição do imóvel</b><br/>Vendo Ágio de Lote Reserva do Rio Preto 2ª Etapa<br/>Quadra 52, Lote 10<br/>Pronto para construir!<br/>Valor do Ágio: R$ 20.000,00<br/>Parcelas Restantes: 163x de R$ 980,00<br/>Ótima oportunidade para investir em um lote já liberado para construção em uma das áreas mais valorizadas da região!<br/>Contato: (38) 9 9879-9441";20000;img_3eed98cc7685d112022894bf872f15f6.jpg;https://novolarimobiliariaunai.com.br/comprar/mg/unai/centro/terreno/77232654;"Novo Lar Imobiliária";img_6358385140bd9e2441b73efedbcca662.jpg;"vendo ágio de lote reserva do rio preto 2ª etapa quadra 52, lote 10 pronto para construir! valor do ágio: r$ 20.000,00 parcelas restantes: 163x de r$ 980,00 ótima oportunidade para investir em um lote já liberado para construção em uma das áreas mais valorizadas da região! contato: (38) 9 9879-9441";ok;img_e412a85405ea1c615fc121a17d24a831.jpg;"23/06/2026 23:51:43";"2026-06-23 23:51:43";"24/06/2026 18:43:47";"2026-06-24 18:43:47";1784861503;;
"Novo Lar";;imoveisunai;Unaí;MG;;;"Lotes e Terrenos";Venda;"(38) 99879-9441";"(38) 99879-9441";;https://novolarimobiliariaunai.com.br;;TERRENO;"Unaí, MG";;;"<b>Descrição do imóvel</b><br/>Vende - se Ágio de lote<br/>Residencial Vitória<br/>Lote: 041 Quadra: 08<br/>?Valor do ágio R$ 22.000,00<br/>? Falta 131 parcelas de R$ 403,59 reais<br/>?Liberado para construir<br/>Contato :(38)9.98799441";22000;img_c2ee46ed03fd6a6cf836be5836e22d93.jpg;https://novolarimobiliariaunai.com.br/comprar/mg/unai/centro/terreno/76122412;"Novo Lar Imobiliária";img_14397c173d59dd79fe677f6982f00211.jpg;"vende - se ágio de lote residencial vitória lote: 041 quadra: 08 ?valor do ágio r$ 22.000,00 ? falta 131 parcelas de r$ 403,59 reais ?liberado para construir contato :(38)9.98799441";ok;img_b76f73dc5bee67fe90e911cd01cae24b.jpg,img_560bc47c2f56f51c7089b1e02594ff16.jpg;"23/06/2026 23:51:44";"2026-06-23 23:51:44";"24/06/2026 18:43:47";"2026-06-24 18:43:47";1784861504;;
"Novo Lar";;imoveisunai;Unaí;MG;;;"Lotes e Terrenos";;"(38) 99879-9441";"(38) 99879-9441";;https://novolarimobiliariaunai.com.br;;TERRENO;"Unaí, MG";;;"<b>Descrição do imóvel</b><br/>Vendo lote no Reserva do Rio Preto<br/>Valor do ágio :R$24.000,00<br/>Lote de esquina<br/>300 metros<br/>Quadra 26 lote 50<br/>3 etapa<br/>Falta 169 parcelas<br/>De R$1419 reais<br/>Contato :(38)9.98979941";24000;img_aa4335df51ab6769fbb94caf06e712c0.jpg;https://novolarimobiliariaunai.com.br/comprar/mg/unai/centro/terreno/76306215;"Novo Lar Imobiliária";img_9e9dbf99d55b6f9b814d2914ed6729e0.jpg;"vendo lote no reserva do rio preto valor do ágio :r$24.000,00 lote de esquina 300 metros quadra 26 lote 50 3 etapa falta 169 parcelas de r$1419 reais contato :(38)9.98979941";ok;img_bae1c0f7044b0115a21d1468842b28ed.jpg;"23/06/2026 23:51:45";"2026-06-23 23:51:45";"24/06/2026 18:43:47";"2026-06-24 18:43:47";1784861505;;
"Novo Lar";;imoveisunai;Unaí;MG;;;"Lotes e Terrenos";Venda;"(38) 99879-9441";"(38) 99879-9441";;https://novolarimobiliariaunai.com.br;;TERRENO;"Unaí, MG";;;"<b>Descrição do imóvel</b><br/>Lote à Venda ? Reserva do Rio Preto | 3ª Etapa<br/>Localização: Quadra 44, Lote 18<br/>Tamanho: 300 m²<br/>Valor do Ágio: R$ 25.000,00<br/>Parcelas restantes: 160x de R$ 834,62<br/>Excelente oportunidade para investir ou construir sua casa dos sonhos em uma das regiões que mais crescem!<br/>Contato: (38) 9 9879-9441";25000;img_72d1692f766246815bbe99e2d294b216.jpg;https://novolarimobiliariaunai.com.br/comprar/mg/unai/centro/terreno/77231338;"Novo Lar Imobiliária";img_91b7ead9bfe6f675db7a56a8f9e382b7.jpg;"lote à venda ? reserva do rio preto | 3ª etapa localização: quadra 44, lote 18 tamanho: 300 m² valor do ágio: r$ 25.000,00 parcelas restantes: 160x de r$ 834,62 excelente oportunidade para investir ou construir sua casa dos sonhos em uma das regiões que mais crescem! contato: (38) 9 9879-9441";ok;img_efed9ab4a68db1aaba8c5a62bdbce437.jpg;"23/06/2026 23:51:46";"2026-06-23 23:51:46";"24/06/2026 18:43:47";"2026-06-24 18:43:47";1784861506;;
"Novo Lar";;imoveisunai;Unaí;MG;;;"Lotes e Terrenos";Venda;"(38) 99879-9441";"(38) 99879-9441";;https://novolarimobiliariaunai.com.br;;TERRENO;"Unaí, MG";;;"<b>Descrição do imóvel</b><br/>VENDE-SE ÁGIO DE LOTE<br/>Residencial Vitória<br/>Valor 25 mil reais<br/>10x20 (200m²)<br/>Infraestrutura completa<br/>Liberado para construir<br/>Parcelas de $ 450,00<br/>Pagas 52/184<br/>Fevereiro 2025<br/>Aceita propostas<br/>Contato WhatsApp<br/>(38) 38 9879-9441";25000;img_0f744f113c535199bde2e1886f84f4da.jpg;https://novolarimobiliariaunai.com.br/comprar/mg/unai/centro/terreno/76468047;"Novo Lar Imobiliária";img_9d2a4662ab673d1247d1d10056e1b69a.jpg;"vende-se ágio de lote residencial vitória valor 25 mil reais 10x20 (200m²) infraestrutura completa liberado para construir parcelas de $ 450,00 pagas 52/184 fevereiro 2025 aceita propostas contato whatsapp (38) 38 9879-9441";ok;img_c1d3d30ec616202147c91a46301ff1bd.jpg,img_13b27f2dd8bbf5aa4ec30f090f891cc2.jpg,img_370b8f0e0bc31bcfa9fb5ee8746cf53a.jpg;"23/06/2026 23:51:48";"2026-06-23 23:51:48";"24/06/2026 18:43:47";"2026-06-24 18:43:47";1784861508;;
"Novo Lar";;imoveisunai;Unaí;MG;;;"Lotes e Terrenos";Venda;"(38) 99879-9441";"(38) 99879-9441";;https://novolarimobiliariaunai.com.br;;TERRENO;"Unaí, MG";;;"<b>Descrição do imóvel</b><br/>Vende- se lote No reserva do Rio Preto<br/>Quadra 19<br/>Lote 16<br/>1 etapa (está liberado para construir )<br/>Parcela de 813 reais<br/>Foram pagas 40 parcelas<br/>Valor pago atualizado em torno de 36 mil reais.<br/>Valor do agio R$ 27 mil<br/>Contato:(38)9.9940-2292";27000;img_8802cba9bec477c4481618cd326c3cb8.jpg;https://novolarimobiliariaunai.com.br/comprar/mg/unai/centro/terreno/74410363;"Novo Lar Imobiliária";img_f1358a5662085668c0a80d6fedbbfa2a.jpg;"vende- se lote no reserva do rio preto quadra 19 lote 16 1 etapa (está liberado para construir ) parcela de 813 reais foram pagas 40 parcelas valor pago atualizado em torno de 36 mil reais. valor do agio r$ 27 mil contato:(38)9.9940-2292";ok;img_ea823c19a889f046f46ac3ace0f26862.jpg;"23/06/2026 23:51:49";"2026-06-23 23:51:49";"24/06/2026 18:43:47";"2026-06-24 18:43:47";1784861509;;
"Novo Lar";;imoveisunai;Unaí;MG;;;"Lotes e Terrenos";Venda;"(38) 99879-9441";"(38) 99879-9441";;https://novolarimobiliariaunai.com.br;;TERRENO;"Unaí, MG";;;"<b>Descrição do imóvel</b><br/>VENDE-SE AGIO RESERVA DO RIO PRETO<br/>Valor: R$ 28.000,00<br/>326m²<br/>16 da quadra 51 Rua Flor de Centaurea<br/>Localizado na 2° etapa ja liberado para construção<br/>Ja foram pagos 22 parcelas de 180<br/>Valor atual da parcela R$ 890,00<br/>Contato: 38 9879-9441";28000;img_e6b42885cf886cee5250396389acc0f0.jpg;https://novolarimobiliariaunai.com.br/comprar/mg/unai/centro/terreno/76664986;"Novo Lar Imobiliária";img_084b5e99de95dc70370c2370824f8215.jpg;"vende-se agio reserva do rio preto valor: r$ 28.000,00 326m² 16 da quadra 51 rua flor de centaurea localizado na 2° etapa ja liberado para construção ja foram pagos 22 parcelas de 180 valor atual da parcela r$ 890,00 contato: 38 9879-9441";ok;img_0d0f91c5454406ac0bf1d0fd7e94c75d.jpg,img_dd0dc693926fc6e5021858a987750d8e.jpg,img_1f2d9f81247f8fbc3ecf9e83ea16bdc1.jpg,img_80329ce3a40dc3ab36142ff9f6fc3225.jpg,img_95fe62eaa1948af4f235145555e1d1e9.jpg;"23/06/2026 23:51:51";"2026-06-23 23:51:51";"24/06/2026 18:43:47";"2026-06-24 18:43:47";1784861511;;
"Novo Lar";;imoveisunai;Unaí;MG;;;"Lotes e Terrenos";;"(38) 99879-9441";"(38) 99879-9441";;https://novolarimobiliariaunai.com.br;;TERRENO;"Unaí, MG";;;"<b>Descrição do imóvel</b><br/>??? Oportunidade ???<br/>Ágio de Lote no Reserva do Rio Preto - 300m² Pronto para Construir!<br/>? Lote plano e pronto para construir<br/>? Excelente localização no condomínio<br/>? Ambiente tranquilo e seguro<br/>? Ideal para quem busca investir ou construir o lar dos sonhos<br/>Ágio por apenas: R$ 30.000,00<br/>Parcelas acessíveis diretamente com a administradora!<br/>Não perca tempo! Entre em contato agora mesmo para mais informações ou agendar uma visita.<br/>(38) 998799441";30000;img_c639f12ff368c51a63c53618f2c9e436.jpg;https://novolarimobiliariaunai.com.br/comprar/mg/unai/centro/terreno/76090826;"Novo Lar Imobiliária";img_e1ec9ebcb004abfcbf3e0fbfb71fbdf6.jpg;"??? oportunidade ??? ágio de lote no reserva do rio preto - 300m² pronto para construir! ? lote plano e pronto para construir ? excelente localização no condomínio ? ambiente tranquilo e seguro ? ideal para quem busca investir ou construir o lar dos sonhos ágio por apenas: r$ 30.000,00 parcelas acessíveis diretamente com a administradora! não perca tempo! entre em contato agora mesmo para mais informações ou agendar uma visita. (38) 998799441";ok;img_ab7e02ba6dc2c168017c9e72b83a0ed4.jpg,img_4ccc7e33d0e26f19e76f509af864ccec.jpg;"23/06/2026 23:51:53";"2026-06-23 23:51:53";"24/06/2026 18:43:47";"2026-06-24 18:43:47";1784861513;;
"Novo Lar";;imoveisunai;Unaí;MG;;;"Lotes e Terrenos";Venda;"(38) 99879-9441";"(38) 99879-9441";;https://novolarimobiliariaunai.com.br;;TERRENO;"Unaí, MG";;;"<b>Descrição do imóvel</b><br/>VENDE-SE LOTE PARA CONSTRUÇÃO NO MUNICÍPIO DE UNAI, RUA JOÃO OLÍMPIO, LOTE 03, QUADRA 72<br/>BAIRRO MAMOEIRO<br/>ÁREA TOTAL DE 420M²<br/>VALOR: R$30.000,00<br/>CONTATO: (38) 9.9879-9441";30000;img_8b34b1844a690b196e672e25cd7d25ba.jpg;https://novolarimobiliariaunai.com.br/comprar/mg/unai/mamoeiro/terreno/77239505;"Novo Lar Imobiliária";img_c158101d652443603fc6d17c99d9f2e2.jpg;"vende-se lote para construção no município de unai, rua joão olímpio, lote 03, quadra 72 bairro mamoeiro área total de 420m² valor: r$30.000,00 contato: (38) 9.9879-9441";ok;img_df624ee6769ed94baf7178272e0493ef.jpg,img_2c324161c3fc06c3f4af36554c6d957d.jpg;"23/06/2026 23:51:54";"2026-06-23 23:51:54";"24/06/2026 18:43:47";"2026-06-24 18:43:47";1784861514;;
"Novo Lar";;imoveisunai;Unaí;MG;;;"Sítios e Chácaras";Venda;"(38) 99879-9441";"(38) 99879-9441";;https://novolarimobiliariaunai.com.br;;CHACARA;"Unaí, MG";;;"<b>Descrição do imóvel</b><br/>Vende - se chácara Sentido Unai leilões<br/>?Sítio Recanto do Sossego<br/>Valor:150.000,00 (cento e cinquenta mil reais )<br/>7000 mil metros sendo 1000 mil metros de reserva<br/>1 Galpão<br/>15 km de unai<br/>água e energia<br/>grota com água só na época de chuva<br/>chácara de n 15<br/>Contato :(38)9.9940-2292";150000;img_c08014fccca0971d16608728e35433eb.jpg;https://novolarimobiliariaunai.com.br/comprar/mg/unai/centro/chacara/74091654;"Novo Lar Imobiliária";img_df5d51a281456d1bf58319dde8718f2e.jpg;"vende - se chácara sentido unai leilões ?sítio recanto do sossego valor:150.000,00 (cento e cinquenta mil reais ) 7000 mil metros sendo 1000 mil metros de reserva 1 galpão 15 km de unai água e energia grota com água só na época de chuva chácara de n 15 contato :(38)9.9940-2292";ok;img_b2d1d1bf39b5512c7cdc17df39bbb9e7.jpg,img_ceccbef287f1fc44d5e83f72816b3371.jpg,img_b00204856ccdce5159e07e78a481676c.jpg,img_718b9ce2086a88068cecf344eb231d75.jpg;"23/06/2026 23:51:58";"2026-06-23 23:51:58";"24/06/2026 18:43:47";"2026-06-24 18:43:47";1784861518;;
"Novo Lar";;imoveisunai;Unaí;MG;;;"Sítios e Chácaras";Venda;"(38) 99879-9441";"(38) 99879-9441";;https://novolarimobiliariaunai.com.br;;CHACARA;"Unaí, MG";;;"<b>Descrição do imóvel</b><br/>Vende-se Chácara<br/>?Sítio Pantanal<br/>?2.500<br/>Valor R$160.000,00<br/>1 Quartos sendo<br/>1 banheiro<br/>Cozinha<br/>Ar condicionado<br/>Muro na frente fundo e uma lateral<br/>Aceita troca por veículo do meu interesse<br/>Telefone para contato<br/>(38)9.9940-2292";160000;img_f15db76a61c845c6ba46389171760888.jpg;https://novolarimobiliariaunai.com.br/comprar/mg/unai/centro/chacara/74303620;"Novo Lar Imobiliária";img_04604102bc34fabe61fceee132e22b57.jpg;"vende-se chácara ?sítio pantanal ?2.500 valor r$160.000,00 1 quartos sendo 1 banheiro cozinha ar condicionado muro na frente fundo e uma lateral aceita troca por veículo do meu interesse telefone para contato (38)9.9940-2292";ok;img_701bb9387e53fe5b2460a280ee56a521.jpg,img_7c26663b44021221969146822f558948.jpg,img_ac3450add2a0632312153a6cffcf2436.jpg,img_d8a002d67870a1a4cd2d5bcde4bdc406.jpg,img_94730e8adbefef009ec58c2dcea72805.jpg,img_6a4cbc4b4622f260fcd17bad6130db7e.jpg,img_f91062dd5f8bd71046d797703eb54805.jpg,img_77e483d4548e4924cc0153e00dde917b.jpg,img_88a6ddce30b68118a9f57025730e7556.jpg,img_4c2fe971a8c55cb17165b26ffb72b95c.jpg;"23/06/2026 23:52:00";"2026-06-23 23:52:00";"24/06/2026 18:43:47";"2026-06-24 18:43:47";1784861520;;
"Novo Lar";;imoveisunai;Unaí;MG;;;"Sítios e Chácaras";;"(38) 99879-9441";"(38) 99879-9441";;https://novolarimobiliariaunai.com.br;;CHACARA;"Unaí, MG";;;"<b>Descrição do imóvel</b><br/>Chácara setor Capão do arroz a 16 km de unai 10 km asfalto 6 km de terra<br/>3 mil metros<br/>piscina aquecida com hidromassagem<br/>Área gourmet<br/>casa com 02 quartos<br/>banheiro<br/>cozinha<br/>valor R$450 mil(aceito proposta";450000;img_b79c79c1a515422d1a4266f3597577e8.jpg;https://novolarimobiliariaunai.com.br/comprar/mg/unai/centro/chacara/74061500;"Novo Lar Imobiliária";img_5e6aab84ad5845bb4b120f980bdb4e42.jpg;"chácara setor capão do arroz a 16 km de unai 10 km asfalto 6 km de terra 3 mil metros piscina aquecida com hidromassagem área gourmet casa com 02 quartos banheiro cozinha valor r$450 mil(aceito proposta";ok;img_f6ab0fee1a08d1261f1a9d7c3b47cb1f.jpg,img_42c9e05c48a574ebb751c2a37c459944.jpg,img_132beb299e94623c10f2159e64503c94.jpg,img_9a6a1b160ee12833320be1421cfcb2dd.jpg,img_d4be7100ac67181e7f10e54d5288ffd7.jpg,img_b72d1c7ab0a2f9394b97b0bd326206d5.jpg,img_ea0792130c0c11d8f0befbdd69d04c35.jpg,img_b6126266a8707bbb167dec7003b7ceed.jpg,img_6471955d2349eabcc65ba87b87202dbf.jpg,img_666d0d85696f1f225e906669558d2830.jpg;"23/06/2026 23:52:01";"2026-06-23 23:52:01";"24/06/2026 18:43:47";"2026-06-24 18:43:47";1784861521;;
"Novo Lar";;imoveisunai;Unaí;MG;;;"Sítios e Chácaras";;"(38) 99879-9441";"(38) 99879-9441";;https://novolarimobiliariaunai.com.br;;CHACARA;"Unaí, MG";;;"<b>Descrição do imóvel</b><br/>Vendo chácara de 3.6 hectares a 7.5 km da cidade<br/>Valor R$ 270.000<br/>Não tem benfeitoria<br/>Já tem programação de energia para quatro meses<br/>(38) 9 9940-2292";270000;img_368c96f0e2433ad9c7d3e99d7f03976f.jpg;https://novolarimobiliariaunai.com.br/comprar/mg/unai/centro/chacara/74349374;"Novo Lar Imobiliária";img_33e7d3b76623a561d78662ff44ff7963.jpg;"vendo chácara de 3.6 hectares a 7.5 km da cidade valor r$ 270.000 não tem benfeitoria já tem programação de energia para quatro meses (38) 9 9940-2292";ok;img_b015613cc18ab021e6eeedacad40fd20.jpg,img_c29d55ffa5b45d9e531c8bccda98c1f9.jpg,img_4d4beb4993c599417a0ca1bdef3aca55.jpg,img_290659fef2f4a0a1df077812da5e11fc.jpg,img_c4324657396a6915b336bcc2977e77cb.jpg,img_676d633863c2aad4da4c761821d15cfa.jpg,img_e085107d167a30a0c3a6483b4ff7981b.jpg,img_04cc1ff2bacd0d7a8ef585fef4bd27a6.jpg,img_07b73fdf43ae5c1893ac6334d590e2da.jpg,img_8d13ff56c861443c5dcb87ce6ffc42a3.jpg;"23/06/2026 23:52:03";"2026-06-23 23:52:03";"24/06/2026 18:43:47";"2026-06-24 18:43:47";1784861523;;
"Novo Lar";;imoveisunai;Unaí;MG;;;"Sítios e Chácaras";;"(38) 99879-9441";"(38) 99879-9441";;https://novolarimobiliariaunai.com.br;;CHACARA;"Unaí, MG";;;"<b>Descrição do imóvel</b><br/>?Vendo chácara<br/>?50 mts do asfalto 2km de Natalândia,<br/>?11.03 hectare, definido em três pastos cercada toda em arame liso,<br/>?Valor :R$850.000,00<br/>?poço artesiano ?cisterna de água ?plantas frutíferas,<br/>?área cercada para horta,<br/>?curral e barração encarretador e tronco,<br/>?2 cozinha ,fogão a lenha, forno<br/>?casa com quartos 1 suíte<br/>?banheiro social<br/>Contato :(38)9.9879-9441";850000;img_e8d2227516363fd9a5737747cd3092cc.jpg;https://novolarimobiliariaunai.com.br/comprar/mg/unai/centro/chacara/76893611;"Novo Lar Imobiliária";img_cfa0b53e8bd91fd89b741ef700e6f0ef.jpg;"?vendo chácara ?50 mts do asfalto 2km de natalândia, ?11.03 hectare, definido em três pastos cercada toda em arame liso, ?valor :r$850.000,00 ?poço artesiano ?cisterna de água ?plantas frutíferas, ?área cercada para horta, ?curral e barração encarretador e tronco, ?2 cozinha ,fogão a lenha, forno ?casa com quartos 1 suíte ?banheiro social contato :(38)9.9879-9441";ok;img_9206dd26e98bdd2539b31835aef30194.jpg,img_85958b9adff2b8d6ae37986eb02042a7.jpg,img_d68988dba73deea016e7bbd9348a47f1.jpg,img_8492d4cb7dc5b2b2e5a4210e7ea15b90.jpg,img_20d3066f06e6b5b69f25b5abfb578f72.jpg,img_54d47ce2d7ff9af98b38f0dcff8843b7.jpg,img_bef779c4e90ec9735e845c7eb15efd3e.jpg,img_039465bb515cc14ddd07eb27d1a31c86.jpg,img_62b670bdf990ca3bea5122940a85585b.jpg,img_bcca462f04822468c544521ea2afd86f.jpg;"23/06/2026 23:52:04";"2026-06-23 23:52:04";"24/06/2026 18:43:47";"2026-06-24 18:43:47";1784861524;;
"Novo Lar";;imoveisunai;Unaí;MG;;;"Sítios e Chácaras";;"(38) 99879-9441";"(38) 99879-9441";;https://novolarimobiliariaunai.com.br;;CHACARA;"Unaí, MG";;;"<b>Descrição do imóvel</b><br/>Vendo ou Troco<br/>Pagamento Facilitado - R$120.000,00<br/>Chácara de 2.000m² na região da Maria do Galho, sem benfeitorias, mas com ótimas construções ao redor.<br/>? 14 km da boca da ponte (apenas 1 km de estrada de terra).<br/>? Possui água, energia e internet.<br/>Troco por lote no Sagrada Família ou Água Branca.<br/>Contato: (38)9.9879-9441";120000;img_5b2c79deb87d03fb63807a8a0a8b7f85.jpg;https://novolarimobiliariaunai.com.br/comprar/mg/unai/centro/chacara/76915059;"Novo Lar Imobiliária";img_309abfb211709f4e1a19aff5f76ced80.jpg;"vendo ou troco pagamento facilitado - r$120.000,00 chácara de 2.000m² na região da maria do galho, sem benfeitorias, mas com ótimas construções ao redor. ? 14 km da boca da ponte (apenas 1 km de estrada de terra). ? possui água, energia e internet. troco por lote no sagrada família ou água branca. contato: (38)9.9879-9441";ok;img_6eb8a61aaf30f3e531e40ff1c443e2f9.jpg,img_a49396360a306005af257f61c37d2b21.jpg;"23/06/2026 23:52:06";"2026-06-23 23:52:06";"24/06/2026 18:43:47";"2026-06-24 18:43:47";1784861526;;
"Novo Lar";;imoveisunai;Unaí;MG;;;"Sítios e Chácaras";;"(38) 99879-9441";"(38) 99879-9441";;https://novolarimobiliariaunai.com.br;;CHACARA;"Unaí, MG";;;"<b>Descrição do imóvel</b><br/>Vendo Rancho 2500 metros quadrados na beira do rio preto em ruralminas<br/>Contém<br/>1 quiosque grande com churrasqueira de tijolinhos a vista com forno e fornalha e balcão com pia e fogão cooktop.<br/>1 banheiro fora do quiosque<br/>2 quiosque pequenos na beira do rio<br/>acesso ao rio concretado com descedor de barco elétrico<br/>água e energia elétrica<br/>rancho com diversas plantas<br/>Valor :R$170.000,00<br/>Contato (38) 9.9879-9441";170000;img_1de11a2de046863008daf7faf714e4a5.jpg;https://novolarimobiliariaunai.com.br/comprar/mg/unai/centro/chacara/76679019;"Novo Lar Imobiliária";img_c0b654c62a23b6612034e218848a2fb4.jpg;"vendo rancho 2500 metros quadrados na beira do rio preto em ruralminas contém 1 quiosque grande com churrasqueira de tijolinhos a vista com forno e fornalha e balcão com pia e fogão cooktop. 1 banheiro fora do quiosque 2 quiosque pequenos na beira do rio acesso ao rio concretado com descedor de barco elétrico água e energia elétrica rancho com diversas plantas valor :r$170.000,00 contato (38) 9.9879-9441";ok;img_e276da28397ece12fc13382191d8445a.jpg,img_85dc531024d4bf57b26f9ab9d7ddd695.jpg,img_fc395d7b6b5f20900ac98561d6c90f7f.jpg,img_9dbc561d8d5b1928e43633a310d060de.jpg,img_86b4f6ea3edb21593e7c0ea6f3d5e25f.jpg,img_f83ec9b3adbd1d77468d33607768dd1e.jpg,img_f99960987e497810bfa6fa450fe9e5ef.jpg;"23/06/2026 23:52:07";"2026-06-23 23:52:07";"24/06/2026 18:43:47";"2026-06-24 18:43:47";1784861527;;
"Novo Lar";;imoveisunai;Unaí;MG;;;"Sítios e Chácaras";;"(38) 99879-9441";"(38) 99879-9441";;https://novolarimobiliariaunai.com.br;;CHACARA;"Unaí, MG";;;"<b>Descrição do imóvel</b><br/>Vendo uma chácara<br/>?Próximo ao Ribeirão Areia<br/>? Area total 3 hectares<br/>?Dois pontos de energia<br/>?2 quartos<br/>?1 Banheiro<br/>?Cozinha<br/>?Fogão de lenha<br/>?varanda<br/>?valor :R$350.000,00<br/>Aceito proposta<br/>Contato:(38)9.98799441";350000;img_c519093079aae8bdf7af8d3106ab820c.jpg;https://novolarimobiliariaunai.com.br/comprar/mg/unai/centro/chacara/76053799;"Novo Lar Imobiliária";img_6ca824415c5ca80d527de28e3043e134.jpg;"vendo uma chácara ?próximo ao ribeirão areia ? area total 3 hectares ?dois pontos de energia ?2 quartos ?1 banheiro ?cozinha ?fogão de lenha ?varanda ?valor :r$350.000,00 aceito proposta contato:(38)9.98799441";ok;img_61c7bf800a5cff55b8758a87965cabd1.jpg,img_0ea88b18ec6d6598267908da4c422949.jpg,img_8638b8281005156a6df70f863d930b71.jpg,img_e70c6c74558f2d32801fc4782fa5fee3.jpg,img_8fbad98da8a4059e776a19e04df93edd.jpg,img_3a37a5683cc6534cec02ff6ddd346047.jpg,img_fa3b30553d737a9c277fd7d96cb50de4.jpg,img_6b283ca10263c64b10ffaebab699d827.jpg,img_b53fce481ea5a2eb0b9706e4aceb2f8b.jpg,img_83d175928a70f50f4c07db6c594f92a2.jpg;"23/06/2026 23:52:08";"2026-06-23 23:52:08";"24/06/2026 18:43:47";"2026-06-24 18:43:47";1784861528;;
"Novo Lar";;imoveisunai;Unaí;MG;;;"Sítios e Chácaras";Venda;"(38) 99879-9441";"(38) 99879-9441";;https://novolarimobiliariaunai.com.br;;CHACARA;"Unaí, MG";;;"<b>Descrição do imóvel</b><br/>Vende-se chácara sentido Bairro Riviera<br/>8km do centro de unai<br/>Valor :R$60 mil reais<br/>1.700 metros<br/>água e energia<br/>cerca de Arame Farpado<br/>Contato :(38)9.9940-2292";60000;img_2935d9ae445df796329853c2155e0e22.jpg;https://novolarimobiliariaunai.com.br/comprar/mg/unai/centro/chacara/75026013;"Novo Lar Imobiliária";img_19cabad0243c019fe88d5b53981e6b1b.jpg;"vende-se chácara sentido bairro riviera 8km do centro de unai valor :r$60 mil reais 1.700 metros água e energia cerca de arame farpado contato :(38)9.9940-2292";ok;img_4375d96a801f6d023cd32fe01de9026b.jpg,img_cff5103d0084e3238fc1c22b2d183731.jpg,img_4c6ba9d9d158e7c4ac315cda7069290a.jpg;"23/06/2026 23:52:10";"2026-06-23 23:52:10";"24/06/2026 18:43:47";"2026-06-24 18:43:47";1784861530;;
"Novo Lar";;imoveisunai;Unaí;MG;;;"Sítios e Chácaras";Venda;"(38) 99879-9441";"(38) 99879-9441";;https://novolarimobiliariaunai.com.br;;CHACARA;"Unaí, MG";;;"<b>Descrição do imóvel</b><br/>VENDE-SE CHÁCARA<br/>Local: Chácaras Colina<br/>Área: 1.205 m², sendo 20 X 60<br/>Valor: R$ 380 mil<br/>Preço por m²: R$ 315,00m²<br/>Apta a financiamento<br/>Aceita parte de pagamento em Catira, carro, analisável.<br/>Ref: Atrás do Barracão da Heineken.<br/>Contato WhatsApp:<br/>(38) 9.9940-2292";380000;img_d4c9921499c8f89c4085049e36ee82a7.jpg;https://novolarimobiliariaunai.com.br/comprar/mg/unai/area-rural-de-unai/chacara/78096624;"Novo Lar Imobiliária";img_9d40e3f85489afe061f647c18d4238f3.jpg;"vende-se chácara local: chácaras colina área: 1.205 m², sendo 20 x 60 valor: r$ 380 mil preço por m²: r$ 315,00m² apta a financiamento aceita parte de pagamento em catira, carro, analisável. ref: atrás do barracão da heineken. contato whatsapp: (38) 9.9940-2292";ok;img_7a83f46ac16d6bfb880583410348c940.jpg,img_aeeaaefef494537bf6d19b8509484dee.jpg,img_3fc2de1146b4c22076893b0c60fd21ef.jpg,img_c1173f04049ac78eb10c44ce846d5ef4.jpg,img_7d183a598a38eaea0b88ef5ca9acbfa7.jpg;"23/06/2026 23:52:11";"2026-06-23 23:52:11";"24/06/2026 18:43:47";"2026-06-24 18:43:47";1784861531;;
"Novo Lar";;imoveisunai;Unaí;MG;;;"Sítios e Chácaras";;"(38) 99879-9441";"(38) 99879-9441";;https://novolarimobiliariaunai.com.br;;CHACARA;"Unaí, MG";;;"<b>Descrição do imóvel</b><br/>Chácara no Setor Pantanal Oportunidade Única!<br/>Localização: Rua Tamanduá, nº 21 - Setor Pantanal<br/>Área total: 3.000 m²<br/>Casa aconchegante:<br/>3 quartos<br/>1 banheiro<br/>Cozinha americana<br/>Toda no blindex e forrada<br/>Infraestrutura completa:<br/>Quadra de areia<br/>Canil<br/>Galinheiro<br/>Horta e pomar<br/>Ideal para quem busca lazer, espaço e contato com a natureza.<br/>Valor: R$ 250.000,00<br/>Entre em contato e agende uma visita.<br/>(38) 9.9940-2292";250000;img_25566a019282f6d35f3a52e059392076.jpg;https://novolarimobiliariaunai.com.br/comprar/mg/unai/centro/chacara/77535603;"Novo Lar Imobiliária";img_b4e90a4e2e297c85ed655688338bd606.jpg;"chácara no setor pantanal oportunidade única! localização: rua tamanduá, nº 21 - setor pantanal área total: 3.000 m² casa aconchegante: 3 quartos 1 banheiro cozinha americana toda no blindex e forrada infraestrutura completa: quadra de areia canil galinheiro horta e pomar ideal para quem busca lazer, espaço e contato com a natureza. valor: r$ 250.000,00 entre em contato e agende uma visita. (38) 9.9940-2292";ok;img_3969a43d1f174064691f7f1f80bcbdf6.jpg,img_6110b1605bf85109a0f6bc1a6bc49e4e.jpg,img_c5c40b2c0e146fe52e063185df61fd56.jpg,img_f26bf3fe90a3e0d85db8735fadba261a.jpg,img_32556d053f85dd7cbc82ecb378339d5f.jpg,img_ef517bef3fd582bd98d8ed03c2e905b6.jpg,img_8c48590499cfdc3efe7fcc80762e6233.jpg,img_95562a68268f46840061354ab8fe41d3.jpg,img_e7009fa4bb19888214706b95786c5da4.jpg,img_e1680d3f602d68b882a5d7c1cde8da7f.jpg;"23/06/2026 23:52:13";"2026-06-23 23:52:13";"24/06/2026 18:43:47";"2026-06-24 18:43:47";1784861533;;
"Novo Lar";;imoveisunai;Unaí;MG;;;"Sítios e Chácaras";;"(38) 99879-9441";"(38) 99879-9441";;https://novolarimobiliariaunai.com.br;;CHACARA;"Unaí, MG";;;"<b>Descrição do imóvel</b><br/>ende-se: Chácara com casa<br/>? Localização: Park Areia, a 7 km do centro da cidade e 1,2 km de estrada de terra.<br/>? Tamanho: 1.500 m² de terreno.<br/>? Infraestrutura:<br/>? Energia elétrica.<br/>? Abastecimento de água (SAAE).<br/>? Poço artesiano.<br/>Detalhes da casa:<br/>? Área construída: 170 m².<br/>? Cômodos:<br/>? 3 quartos (sendo 1 suíte com closet).<br/>? Sala e cozinha americana.<br/>? Copa.<br/>? Banheiro social.<br/>? Banheiro externo na área de lazer.<br/>? Piso em cerâmica em toda a casa.<br/>? Área externa ampla ao redor da casa.<br/>Valor: R$ 250.000 (quitada).<br/>Aceita como parte do pagamento:<br/>? Gado.<br/>? Carro popular.<br/>Contatos: 38 9879-9441";250000;img_1f756169a588c47ed1ac28c863763e35.jpg;https://novolarimobiliariaunai.com.br/comprar/mg/unai/centro/chacara/76153389;"Novo Lar Imobiliária";img_f7fcc2afe27f10c0e82df46453f6630c.jpg;"ende-se: chácara com casa ? localização: park areia, a 7 km do centro da cidade e 1,2 km de estrada de terra. ? tamanho: 1.500 m² de terreno. ? infraestrutura: ? energia elétrica. ? abastecimento de água (saae). ? poço artesiano. detalhes da casa: ? área construída: 170 m². ? cômodos: ? 3 quartos (sendo 1 suíte com closet). ? sala e cozinha americana. ? copa. ? banheiro social. ? banheiro externo na área de lazer. ? piso em cerâmica em toda a casa. ? área externa ampla ao redor da casa. valor: r$ 250.000 (quitada). aceita como parte do pagamento: ? gado. ? carro popular. contatos: 38 9879-9441";ok;img_cf4fa2b692725004a135641677d24154.jpg,img_41649d4c323e935aab0e36652191561a.jpg,img_cd85fc2c6cef3d9de209411cb1af5f0f.jpg,img_609d12d587abf8a55e91ca29c93d62c9.jpg,img_494d776212097b8c6f4d6e195bb2b2c1.jpg,img_89652dbd3a99a8a417531046ac8724f7.jpg,img_06f85985bd0e32bc015d2ca840c4c60f.jpg,img_b8ceda44ded2ef7f2ae293d273f5098f.jpg;"23/06/2026 23:52:14";"2026-06-23 23:52:14";"24/06/2026 18:43:47";"2026-06-24 18:43:47";1784861534;;
"Novo Lar";;imoveisunai;Unaí;MG;;;Fazendas;Venda;"(38) 99879-9441";"(38) 99879-9441";;https://novolarimobiliariaunai.com.br;;FAZENDA;"Unaí, MG";;;"<b>Descrição do imóvel</b><br/>Vende-se fazenda<br/>Uma gleba de terras situada na Fazenda Palmeiras<br/>com área de 496,83,58 ha (quatrocentos e noventa e seis hectares, oitenta e três ares e cinquenta e oito centiares).<br/>valor: R$ 18.681.014,80<br/>contato: (38) 9.9879-9441";18681014;img_88c512183db96f24d0fa689371eaa287.jpg;https://novolarimobiliariaunai.com.br/comprar/mg/unai/centro/fazenda/77240962;"Novo Lar Imobiliária";img_9196b702c342217bb1ff2f68b9aa219e.jpg;"vende-se fazenda uma gleba de terras situada na fazenda palmeiras com área de 496,83,58 ha (quatrocentos e noventa e seis hectares, oitenta e três ares e cinquenta e oito centiares). valor: r$ 18.681.014,80 contato: (38) 9.9879-9441";ok;img_52e6956a954253e12c9fa708c7d77a89.jpg;"23/06/2026 23:52:18";"2026-06-23 23:52:18";"24/06/2026 18:43:47";"2026-06-24 18:43:47";1784861538;;
"Novo Lar";;imoveisunai;Unaí;MG;;;Fazendas;Venda;"(38) 99879-9441";"(38) 99879-9441";;https://novolarimobiliariaunai.com.br;;FAZENDA;"Unaí, MG";;;"<b>Descrição do imóvel</b><br/>Vende-se Fazenda ?<br/>34 Hectares | R$450.000<br/>? 34 hectares com estrutura completa<br/>? Poço artesiano, curral, e pastagem formada<br/>? Capineira e córrego nos fundos<br/>? Casa boa e pronta para morar<br/>? Localizada a 70 km de Unaí, sentido Ruralminas<br/>Contato:(38)9.9879-9441";450000;img_bc3e098fd1ee9a97cb83c1a2919794fe.jpg;https://novolarimobiliariaunai.com.br/comprar/mg/unai/centro/fazenda/77220469;"Novo Lar Imobiliária";img_8210953d2e1ae700c1777e4d0bdcecbd.jpg;"vende-se fazenda ? 34 hectares | r$450.000 ? 34 hectares com estrutura completa ? poço artesiano, curral, e pastagem formada ? capineira e córrego nos fundos ? casa boa e pronta para morar ? localizada a 70 km de unaí, sentido ruralminas contato:(38)9.9879-9441";ok;img_e48c624b8883d83dcb2635253e754e59.jpg,img_f08410f2b8ce656a8493abf5c070ad52.jpg,img_f1e02e90926a539317a21ab5ac429aa2.jpg,img_8decdbb10541db965d0c0cac63008f45.jpg,img_1e65b499cba467955efa9e3d60378229.jpg,img_79138659a491130db476b472eddb55d6.jpg,img_7bdd326ef89dbb82227e26555fb37a47.jpg,img_87102b0d573877a9d622cde142b83fea.jpg,img_ae8be7edf2e339451a090d9d505409d3.jpg,img_a78c880105f5d9895bc6ea31412bcbd2.jpg;"23/06/2026 23:52:20";"2026-06-23 23:52:20";"24/06/2026 18:43:47";"2026-06-24 18:43:47";1784861540;;
"Novo Lar";;imoveisunai;Unaí;MG;;;Fazendas;Venda;"(38) 99879-9441";"(38) 99879-9441";;https://novolarimobiliariaunai.com.br;;FAZENDA;"Unaí, MG";;;"<b>Descrição do imóvel</b><br/>VENDE-SE FAZENDA NO MUNICÍPIO DE UNAÍ/MG<br/>Área: 21,00 hectares<br/>Localizada na fazenda Jardim quinhão n° 03<br/>Valor: 726.000,00<br/>contato: (38) 99879-9441";726000;img_c703ef25d784f2b76f8926260a4bb3e9.jpg;https://novolarimobiliariaunai.com.br/comprar/mg/unai/centro/fazenda/77239255;"Novo Lar Imobiliária";img_1b72ad4f087c2ed72273b86bfc9921e8.jpg;"vende-se fazenda no município de unaí/mg área: 21,00 hectares localizada na fazenda jardim quinhão n° 03 valor: 726.000,00 contato: (38) 99879-9441";ok;img_5c96aa1aac684df32673bda89a5d5301.jpg,img_6c78d11ae92ac2b782ee621a23e261b6.jpg;"23/06/2026 23:52:21";"2026-06-23 23:52:21";"24/06/2026 18:43:47";"2026-06-24 18:43:47";1784861541;;
"Novo Lar";;imoveisunai;Unaí;MG;;;Fazendas;;"(38) 99879-9441";"(38) 99879-9441";;https://novolarimobiliariaunai.com.br;;FAZENDA;"Unaí, MG";;;"<b>Descrição do imóvel</b><br/>-7300 hectares<br/>-750 metros de altitude<br/>-3 nascentes inesgotáveis de água de boa qualidade<br/>-30 km de Bonfinópolis<br/>-90% plana<br/>-Pode ser usada pra plantio ou criação de gado.";50000000;img_4a4be0df618354d8566b16bf743d8796.jpg;https://novolarimobiliariaunai.com.br/comprar/mg/bonfinopolis-de-minas/centro/fazenda/72147618;"Novo Lar Imobiliária";img_3951059958725a2f39aabcf8afa61db0.jpg;"-7300 hectares -750 metros de altitude -3 nascentes inesgotáveis de água de boa qualidade -30 km de bonfinópolis -90% plana -pode ser usada pra plantio ou criação de gado.";ok;img_fc595df576d0602b27c324bf5e2b5eb9.jpg,img_de9527e8ae8cf1363d92e1b1b6795f32.jpg;"23/06/2026 23:52:23";"2026-06-23 23:52:23";"24/06/2026 18:43:47";"2026-06-24 18:43:47";1784861543;;
"Novo Lar";;imoveisunai;Unaí;MG;;;Fazendas;;"(38) 99879-9441";"(38) 99879-9441";;https://novolarimobiliariaunai.com.br;;FAZENDA;"Unaí, MG";;;"<b>Descrição do imóvel</b><br/>Fazenda de 926 hectares no município de Buritis, Minas Gerais<br/>?<br/>Área total: 926 hectares.<br/>?<br/>215 hectares de eucalipto plantado no ponto de corte.<br/>?<br/>75 hectares plantando no sequeiro (planta há 15 anos).<br/>?<br/>Pode chegar em 400 hectares de lavoura.<br/>?<br/>Barracão de 750m de alvenaria.<br/>?<br/>Casa simples.<br/>?<br/>Rio ao fundo + cachoeiras.<br/>?<br/>Altitude: 952 metros.<br/>?<br/>Bons índices pluviométricos.<br/>?<br/>25 hectares a gradear.<br/>?<br/>Todos os documentos regularizados: GEO, CAR, MAT.<br/>?<br/>40km de Buritis, Minas Gerais<br/>90 km de Formosa, Goiás";17500000;img_7f4ef12e9d60e887ce9e4538222a49e8.jpg;https://novolarimobiliariaunai.com.br/comprar/mg/buritis/zona-rural/fazenda/72330699;"Novo Lar Imobiliária";img_6c46ea33d26bbf851a954f5b25e87e5d.jpg;"fazenda de 926 hectares no município de buritis, minas gerais ? área total: 926 hectares. ? 215 hectares de eucalipto plantado no ponto de corte. ? 75 hectares plantando no sequeiro (planta há 15 anos). ? pode chegar em 400 hectares de lavoura. ? barracão de 750m de alvenaria. ? casa simples. ? rio ao fundo + cachoeiras. ? altitude: 952 metros. ? bons índices pluviométricos. ? 25 hectares a gradear. ? todos os documentos regularizados: geo, car, mat. ? 40km de buritis, minas gerais 90 km de formosa, goiás";ok;img_4a77ea2b2b0aa4246dca40982d979567.jpg,img_dd33a07421ca3e7f37bc5fddb6989d7e.jpg,img_a0ae7e3dc44faac52c65946fe16b7594.jpg,img_ed05cd0c981b439df30a9c3acbd051a6.jpg,img_5ff6321de8373ae8d905775f0194a9f0.jpg,img_285636f11d974abcdc6f82ce49eda410.jpg,img_42c1b0221c219454ff2e726580b5e2c4.jpg,img_3ffd4c881144df6e2ac3eba476de43af.jpg;"23/06/2026 23:52:25";"2026-06-23 23:52:25";"24/06/2026 18:43:47";"2026-06-24 18:43:47";1784861545;;
"Novo Lar";;imoveisunai;Unaí;MG;;;Fazendas;Venda;"(38) 99879-9441";"(38) 99879-9441";;https://novolarimobiliariaunai.com.br;;FAZENDA;"Unaí, MG";;;"<b>Descrição do imóvel</b><br/>VENDE-SE FAZENDA ? BONITO DE MINAS/MG<br/>Oportunidade única para investir em uma área produtiva e estratégica!<br/>Área total: 1.167 hectares<br/>100 hectares com pivô central em operação<br/>Outorga liberada para mais 150 hectares irrigáveis<br/>Pedido em andamento para +300 hectares de outorga<br/>Energia elétrica dentro da fazenda com carga instalada<br/>Topografia plana ? acesso facilitado<br/>Ideal para fruticultura e alta produtividade<br/>Valor: R$ 18.000.000,00<br/>Estudamos condições de pagamento<br/>Entre em contato agora e agende uma visita!<br/>(38) 9.9879-9441";18000000;img_2c3d58a43d5211cf181ab5b6b7f306c9.jpg;https://novolarimobiliariaunai.com.br/comprar/mg/unai/centro/fazenda/77234391;"Novo Lar Imobiliária";img_1089f1a93e56cd875c405411ce993348.jpg;"vende-se fazenda ? bonito de minas/mg oportunidade única para investir em uma área produtiva e estratégica! área total: 1.167 hectares 100 hectares com pivô central em operação outorga liberada para mais 150 hectares irrigáveis pedido em andamento para +300 hectares de outorga energia elétrica dentro da fazenda com carga instalada topografia plana ? acesso facilitado ideal para fruticultura e alta produtividade valor: r$ 18.000.000,00 estudamos condições de pagamento entre em contato agora e agende uma visita! (38) 9.9879-9441";ok;img_b1acef723136c11c530903021f236efe.jpg,img_03e478f75f8e23fdea02e68a787b2696.jpg,img_98d88eb0161e89388981fab3d8ed5a36.jpg,img_b900ed18c2024160d1be0bbba6f44684.jpg,img_ae4acb252d32f07bf78191be63285382.jpg;"23/06/2026 23:52:27";"2026-06-23 23:52:27";"24/06/2026 18:43:47";"2026-06-24 18:43:47";1784861547;;
"Novo Lar";;imoveisunai;Unaí;MG;;;Fazendas;Venda;"(38) 99879-9441";"(38) 99879-9441";;https://novolarimobiliariaunai.com.br;;FAZENDA;"Unaí, MG";;;"<b>Descrição do imóvel</b><br/>-1400 hectares<br/>-Outorga a liberar em 60 dias<br/>-Projeto para Pivô em praticamente toda a terra<br/>-Água em abundância<br/>-100% plana<br/>-Altitude de 650 metros<br/>-Fazenda precisa abrir<br/>-Estudo parcelamento com entrada em dinheiro<br/>-Preço a negociar com outorga liberada ou a liberar<br/>-Todos os documentos em dia e pronta para transferir<br/>-Fazenda dentro da área da Sudene, o que facilita a questão de financiamentos para plantio e compra de maquinas.";9800000;img_95e13f0ce380c077c8c89ff092a7adf2.jpg;https://novolarimobiliariaunai.com.br/comprar/mg/unai/mamoeiro/fazenda/72147577;"Novo Lar Imobiliária";img_4e9682f1298ba7c4ab3defc1e05765db.jpg;"-1400 hectares -outorga a liberar em 60 dias -projeto para pivô em praticamente toda a terra -água em abundância -100% plana -altitude de 650 metros -fazenda precisa abrir -estudo parcelamento com entrada em dinheiro -preço a negociar com outorga liberada ou a liberar -todos os documentos em dia e pronta para transferir -fazenda dentro da área da sudene, o que facilita a questão de financiamentos para plantio e compra de maquinas.";ok;img_46b2bb73d337168cbc64b991ebebbec8.jpg,img_deb2ca85fe952645b195d298576e5975.jpg,img_a889884722f319a2598bee7657b01216.jpg,img_59e651a28ac7e1b72a3bc72c7b6157fe.jpg;"23/06/2026 23:52:28";"2026-06-23 23:52:28";"24/06/2026 18:43:47";"2026-06-24 18:43:47";1784861548;;
"Novo Lar";;imoveisunai;Unaí;MG;;;Fazendas;Venda;"(38) 99879-9441";"(38) 99879-9441";;https://novolarimobiliariaunai.com.br;;FAZENDA;"Unaí, MG";;;"<b>Descrição do imóvel</b><br/>VENDE-SE FAZENDA NO MUNICÍPIO DE UNAÍ/MG<br/>Área: 21,00 hectares<br/>Localizada na fazenda Jardim quinhão n° 04<br/>Valor: 885.275,00<br/>contato: (38) 99879-9441";885275;img_329c011504b403ab07f6d64919424f6f.jpg;https://novolarimobiliariaunai.com.br/comprar/mg/unai/centro/fazenda/77239279;"Novo Lar Imobiliária";img_1e783db4cec6ec8e3593a02e042de05b.jpg;"vende-se fazenda no município de unaí/mg área: 21,00 hectares localizada na fazenda jardim quinhão n° 04 valor: 885.275,00 contato: (38) 99879-9441";ok;img_6f78812a8340e9e29601b05c3b995a25.jpg,img_923448d15232c5b5ef1d92766bddd766.jpg;"23/06/2026 23:52:29";"2026-06-23 23:52:29";"24/06/2026 18:43:47";"2026-06-24 18:43:47";1784861549;;
"Novo Lar";;imoveisunai;Unaí;MG;;;Fazendas;Venda;"(38) 99879-9441";"(38) 99879-9441";;https://novolarimobiliariaunai.com.br;;FAZENDA;"Unaí, MG";;;"<b>Descrição do imóvel</b><br/>Fazenda a venda em região de Buritis com muita água, duas águas de queda livre e um córrego que não seca, são 55 hectares sendo 30 hectares formadas, já pode aproveitar mais umas de 10 hectares pra formar . Da para fazer irrigação por gravidade em umas áreas de 25 hectares, também é bem localizado, a 13 Km de Buritis MG, está a 230 Km de Brasília. Aceitamos troca em imóvel em Brasília ou camionete, trator ou caminhão e fazendinha.<br/>20 mil reais por Hectares.";1100000;;https://novolarimobiliariaunai.com.br/comprar/mg/unai/centro/fazenda/75165592;"Novo Lar Imobiliária";;"fazenda a venda em região de buritis com muita água, duas águas de queda livre e um córrego que não seca, são 55 hectares sendo 30 hectares formadas, já pode aproveitar mais umas de 10 hectares pra formar . da para fazer irrigação por gravidade em umas áreas de 25 hectares, também é bem localizado, a 13 km de buritis mg, está a 230 km de brasília. aceitamos troca em imóvel em brasília ou camionete, trator ou caminhão e fazendinha. 20 mil reais por hectares.";ok;img_b8f3524949c507ee66f4467235fd9c34.png;"23/06/2026 23:52:30";"2026-06-23 23:52:30";"24/06/2026 18:43:47";"2026-06-24 18:43:47";1784861550;;
"Novo Lar";;imoveisunai;Unaí;MG;;;Fazendas;;"(38) 99879-9441";"(38) 99879-9441";;https://novolarimobiliariaunai.com.br;;FAZENDA;"Unaí, MG";;;"<b>Descrição do imóvel</b><br/>FAZENDA NO MUNICÍPIO DE CRISTALINA-GO.<br/>COM ÁREA TOTAL DE 435 HECTARES.<br/>COM 308 HECTARES EM PLANTIO HOJE.<br/>(+) 42 HECTARES EM PASTAGEM, DOS QUAIS 15 HECTARES SÃO APTOS PARA AGRICULTURA.<br/>QUALIFICAÇÃO DE SOLO:<br/>TERRAS MISTAS MEIO CULTURADA DE CERRADO FORTE.<br/>(+/-) 200 HECTARES COM LATOSSOLO VERMELHO E AMARELADO SEM CASCALHO.<br/>RESTANTE ENTRE TERRAS MISTA COM MANCHAS DE CASCALHO PREDOMINANTE DA REGIÃO.<br/>HIDROGRAFIA:<br/>02 NASCENTE DENTRO DA PROPRIEDADE COM BASTANTE ÁGUA PERENE O ANO TODO.<br/>01 RIBEIRÃO COM BOM VOLUME D'ÁGUA NOS FUNDOS.<br/>PROJETO PARA IRRIGAÇÃO EM 135 HECTARES:<br/>01 - PIVÔ DE 55 HECTARES.<br/>01 - PIVÔ DE 45 HECTARES.<br/>01 - PIVÔ DE 35 HECTARES.<br/>(OU)<br/>01 - PIVÔ DE 120 HECTARES.<br/>TOPOGRAFIA:<br/>PLANA (A) ONDULADA.<br/>ALTITUDE: 860/930 - METROS.<br/>ÍNDICE PLUVIOMÉTRICO: 1.700 / 1.800 - MM.<br/>LOGÍSTICA:<br/>45 KM DA CIDADE.<br/>SENDO 07 KM DE CHÃO.<br/>BENFEITORIAS COMPLEMENTARES:<br/>01 CASA SEDE BOA.<br/>01 CASA PARA GERENTE.<br/>01 ALOJAMENTO PARA FUNCIONÁRIO.<br/>01 BARRACÃO PARA MAQUINÁRIOS.<br/>DOCUMENTAÇÃO:<br/>TODA EM ORDEM - (GEO/CAR)<br/>VALOR:R$32.000.000,00<br/>CONDIÇÕES DE PAGAMENTO:<br/>ENTRADA: 50%<br/>RESTANTE: 02 PARCELAS ANUAIS.";32000000;img_bd894db9a0f0c78643ddeae6572381fb.jpg;https://novolarimobiliariaunai.com.br/comprar/go/cristalina/centro/fazenda/72179913;"Novo Lar Imobiliária";img_61128c9e7b7532716aaa33ecadef195d.jpg;"fazenda no município de cristalina-go. com área total de 435 hectares. com 308 hectares em plantio hoje. (+) 42 hectares em pastagem, dos quais 15 hectares são aptos para agricultura. qualificação de solo: terras mistas meio culturada de cerrado forte. (+/-) 200 hectares com latossolo vermelho e amarelado sem cascalho. restante entre terras mista com manchas de cascalho predominante da região. hidrografia: 02 nascente dentro da propriedade com bastante água perene o ano todo. 01 ribeirão com bom volume dágua nos fundos. projeto para irrigação em 135 hectares: 01 - pivô de 55 hectares. 01 - pivô de 45 hectares. 01 - pivô de 35 hectares. (ou) 01 - pivô de 120 hectares. topografia: plana (a) ondulada. altitude: 860/930 - metros. índice pluviométrico: 1.700 / 1.800 - mm. logística: 45 km da cidade. sendo 07 km de chão. benfeitorias complementares: 01 casa sede boa. 01 casa para gerente. 01 alojamento para funcionário. 01 barracão para maquinários. documentação: toda em ordem - (geo/car) valor:r$32.000.000,00 condições de pagamento: entrada: 50% restante: 02 parcelas anuais.";ok;img_c2c195b4510f5ebc95adb3bd75015d20.jpg,img_5622748c831ef3f1c1b98d067df603a8.jpg,img_ea903974c60b4b703d5fbbebee1aaf71.jpg,img_0edb29d5567615a9f344e4f103ca2040.jpg,img_9d98c2c57fcf8b3232135c82ba130e72.jpg,img_e031a5dd2b2bafd436d0e321111aa988.jpg,img_5ed86677f559a54510f5832d58557c2c.jpg,img_30c5b9777c834ab37fcbb8658024a4f7.jpg,img_27411282633242e5d5d7cc2b9b1aa397.jpg,img_37c15ff0fde5ff2050a26443d214c160.jpg;"23/06/2026 23:52:32";"2026-06-23 23:52:32";"24/06/2026 18:43:47";"2026-06-24 18:43:47";1784861552;;
"Novo Lar";;imoveisunai;Unaí;MG;;;Fazendas;;"(38) 99879-9441";"(38) 99879-9441";;https://novolarimobiliariaunai.com.br;;FAZENDA;"Unaí, MG";;;"<b>Descrição do imóvel</b><br/>FAZENDA EM BURITIS MG<br/>Com área total de 355 ALQUEIRES OU 1.718 hectares MARGEIA 3 km Rio Urucuia<br/>Benfeitorias<br/>Parte formada, casa sede e casa do vaqueiro, curral bom, várias divisões de pastos, energia trifásica.<br/>Qualificação do solo<br/>Dupla aptidão, lavouras sequeiras, irrigada e pecuária<br/>Possibilidade de plantar lavouras em 600 hectares<br/>230 km de Brasília<br/>18 km estrada de chão<br/>Total 15.000.000,00";15000000;img_775785b5330c079a565395af2bf0b886.jpg;https://novolarimobiliariaunai.com.br/comprar/mg/buritis/centro/fazenda/72152708;"Novo Lar Imobiliária";img_d0139c89e2a298439c2081a28b061334.jpg;"fazenda em buritis mg com área total de 355 alqueires ou 1.718 hectares margeia 3 km rio urucuia benfeitorias parte formada, casa sede e casa do vaqueiro, curral bom, várias divisões de pastos, energia trifásica. qualificação do solo dupla aptidão, lavouras sequeiras, irrigada e pecuária possibilidade de plantar lavouras em 600 hectares 230 km de brasília 18 km estrada de chão total 15.000.000,00";ok;img_e65b79b62769d60cf1ac23ac0f6aa19f.jpg,img_3d1b4952f79e36b3ab166f63f74bdb69.jpg,img_4b430037b9c865b7b689898db4aad79a.jpg,img_6a32ba79232b9d7b919b52c57452f5d5.jpg,img_8e2e2c3bcecf221802351c05f3e2d135.jpg,img_0d594eaa5c329a71fcd25973e9339a06.jpg,img_a360ae1e27468e0add0a6c46327a1d2b.jpg,img_70cc75088fe060f0f38ad709608cc1b5.jpg,img_7d006f55ff3385dde123c6096fc72721.jpg,img_97aa4016c16569caea52307937a9449f.jpg;"23/06/2026 23:52:33";"2026-06-23 23:52:33";"24/06/2026 18:43:47";"2026-06-24 18:43:47";1784861553;;
"Novo Lar";;imoveisunai;Unaí;MG;;;Fazendas;;"(38) 99879-9441";"(38) 99879-9441";;https://novolarimobiliariaunai.com.br;;FAZENDA;"Unaí, MG";;;"<b>Descrição do imóvel</b><br/>Fazenda em Bonfinópolis de Minas.<br/>-Fazenda com 6300 hectares<br/>-13 lagoas sendo uma grande com uma casa sede de 1000 metros dentro do lago.<br/>-5 casas de caseiro<br/>-2 mil hectares prontas<br/>-Curral com Bret para 2 mil cabeças de gado<br/>-500 hectares de eucalipto já colhendo<br/>-Pista de pouso.<br/>-Tanque de diesel<br/>-Bem plana<br/>-Outorga<br/>-Internet<br/>-Dentro da área mineira da SUDENE<br/>-Solo com 22% de argila<br/>-Fazendas vizinhas com plantio de soja<br/>-Quase toda plana e muito mais.<br/>-Preço 52 milhões";52000000;img_d07d3f969a8878d4f47a4fb2b79e50d8.jpg;https://novolarimobiliariaunai.com.br/comprar/mg/unai/centro/fazenda/72147551;"Novo Lar Imobiliária";img_0ee64d2702f82d6ccdd8f545d5cecce5.jpg;"fazenda em bonfinópolis de minas. -fazenda com 6300 hectares -13 lagoas sendo uma grande com uma casa sede de 1000 metros dentro do lago. -5 casas de caseiro -2 mil hectares prontas -curral com bret para 2 mil cabeças de gado -500 hectares de eucalipto já colhendo -pista de pouso. -tanque de diesel -bem plana -outorga -internet -dentro da área mineira da sudene -solo com 22% de argila -fazendas vizinhas com plantio de soja -quase toda plana e muito mais. -preço 52 milhões";ok;img_67e504b02e495af1561e09abe98859f2.jpg,img_b8c58bce4f9d25a338340c5bd706d1fe.jpg,img_ea143caa03b2324fe3272f756fdc055c.jpg,img_7af9e6f17cbf7dbca0d0a9540760504f.jpg,img_18b50de1c74d93e3d723e5b88da9e778.jpg,img_bca97c19057967d4353e643156eea739.jpg,img_bd823e4ab37b805ea5a401a5a0e47f70.jpg,img_aa5d696582273ba9887b0855e65f1857.jpg,img_1488e472ca3b5b39f64f82da9be5bced.jpg,img_4181810480002c9374108e59ad5a9ae0.jpg;"23/06/2026 23:52:34";"2026-06-23 23:52:34";"24/06/2026 18:43:47";"2026-06-24 18:43:47";1784861554;;
"Terra Fértil";"Terra Fértil";imoveisunai;Unaí;MG;;;Kitnet;Aluguel;"(38) 99958-5454";"(38) 99958-5454";;https://www.terrafertilimobiliaria.com.br;;Kitnet;"Cachoeira - Unaí - MG";;;"Aluguel<br/><b>R$ 1.220</b><br/>/mês<br/>Condomínio R$ 130IPTU R$ 17/mês<br/>Pacote de locação R$ 1.367/mês<br/>Quarto1<br/>Banheiro1<br/><b>Descrição</b><br/>Quarto com cama de casal, guarda-roupa planejado e ar condicionado, cozinha com geladeira, máquina de lavar, microondas, fogão 4 bocas com botijão de gás, mesa de vidro com 4 cadeiras, televisão, roteador, painel de televisão e cortina com blackout na sacada<br/>Não possui uma vaga de garagem<br/>7º andar de escada<br/>Marque sua visita!<br/>Ver mais<br/><b>Características</b><br/>Ar condicionado<br/>Armário banheiro<br/>Armário cozinha<br/>Armário quarto<br/>Armário sala<br/>Cozinha<br/>Elevador<br/>Interfone<br/>Mobiliado<br/>Piso cerâmico<br/>Portão eletrônico<br/>Sacada<br/>Ver mais";1220;img_939dbc5f68497c98bab72e75f8f531c9.jpg;https://www.terrafertilimobiliaria.com.br/imovel/kitnet-unai-1-quarto/KN0010-TFUU;"Kitnet com 1 dormitório para alugar por R$ 1.367,00/mês - Cachoeira - Unaí/MG";img_939dbc5f68497c98bab72e75f8f531c9.jpg;"Quarto com cama de casal, guarda-roupa planejado e ar condicionado, cozinha com geladeira, máquina de lavar, microondas, fogão 4 bocas com botijão de gás, mesa de vidro com 4 cadeiras, televisão, r...";ok;img_57934f79205812c1135cb7f260584314.jpg,img_99c212f5ecd2e90d3d65d5cefc7c892f.jpg,img_f8fad29993bba7a6e47b1d27fdda337d.jpg,img_f6d5bdecedc5de031a2a39b3210a5aa1.jpg,img_3b3cb1442749a76cfc4e760e916d2d13.jpg,img_15c196d279694ec4e93756dd9723de27.jpg;"11/07/2026 17:16:57";"2026-07-11 17:16:57";"12/07/2026 15:04:47";"2026-07-12 15:04:47";1786393017;Unaí;MG
"Terra Fértil";"Terra Fértil";imoveisunai;Unaí;MG;;;Kitnet;Aluguel;"(38) 99958-5454";"(38) 99958-5454";;https://www.terrafertilimobiliaria.com.br;;Kitnet;"Centro - Unaí - MG";;;"Aluguel<br/><b>R$ 1.300</b><br/>/mês<br/>Condomínio R$ 100<br/>Pacote de locação R$ 1.400/mês<br/>Quarto1<br/>Banheiro1<br/>Aceita petSim<br/><b>Descrição</b><br/>Quarto com sacada, possui cama box, ar condicionado, painel para tv e guarda roupa, banheiro com armário planejados, cozinha com geladeira, fogão cooktop 4 bocas, sugar, microondas, mesa com 4 cadeiras, e botijão de gás.<br/>4° Andar de elevador e escada<br/>Não possui vaga de garagem<br/>Marque sua visita!<br/>Ver mais<br/><b>Características</b><br/>Ar condicionado<br/>Área de serviço<br/>Armário banheiro<br/>Armário cozinha<br/>Armário quarto<br/>Cozinha<br/>Elevador<br/>Interfone<br/>Mobiliado<br/>Piso cerâmico<br/>Portão eletrônico<br/>Sacada<br/>Ver mais";1300;img_07fdaa94e4ca8adfe758d7844f61ef0c.jpg;https://www.terrafertilimobiliaria.com.br/imovel/kitnet-unai-1-quarto/KN0063-TFUU;"Kitnet com 1 dormitório para alugar por R$ 1.400,00/mês - Centro - Unaí/MG";img_07fdaa94e4ca8adfe758d7844f61ef0c.jpg;"Quarto com sacada, possui cama box, ar condicionado, painel para tv e guarda roupa, banheiro com armário planejados, cozinha com geladeira, fogão cooktop 4 bocas, sugar, microondas, mesa com 4 cade...";ok;img_2514d3e7772947eda7a43a93c81b1e09.jpg,img_9c2959926166e37055c4ef7dd2914459.jpg,img_f33091147b20323e9ca93bfcb28d326b.jpg,img_ac51c7a5d7f8b2c5b72dc070a5333972.jpg,img_94aad5fa1c790a94d9c2122961ae4661.jpg,img_3302a53a5b540a81722a26b89e08c35c.jpg,img_fbb96e14e37fc8052121ace9bbb3e126.jpg;"11/07/2026 17:17:00";"2026-07-11 17:17:00";"12/07/2026 15:04:47";"2026-07-12 15:04:47";1786393020;Unaí;MG
